symbol,date,close,volume,quote_volume,num_trades,taker_buy_base,taker_buy_ratio,flow_imbalance
BTC/USDT,2024-01-01,44179.55,27174.29903,1169995682.0280013,1114623,14331.7318,0.5274002388866772,0.054800477773354395
BTC/USDT,2024-01-02,44946.91,65146.40661,2944331821.823076,2247532,33817.14447,0.5190945476463019,0.038189095292603836
BTC/USDT,2024-01-03,42845.23,81194.55173,3507104563.744232,2658041,39103.99162,0.4816085659298214,-0.03678286814035725
BTC/USDT,2024-01-04,44151.1,48038.06334,2095095359.4936347,1819944,23605.90059,0.49139992224340995,-0.017200155513180104
BTC/USDT,2024-01-05,44145.11,48075.25327,2100953924.3687155,2064845,24015.06426,0.49953068629980407,-0.000938627400391856
BTC/USDT,2024-01-06,43968.32,17835.06144,781212883.4916061,956642,9048.57073,0.5073473259646926,0.014694651929385127
BTC/USDT,2024-01-07,43929.02,23023.8508,1014635096.1241482,1109259,11613.52347,0.5044127314271859,0.008825462854371802
BTC/USDT,2024-01-08,46951.04,72814.57589,3298772150.6815076,2364464,38728.8053,0.531882591179369,0.06376518235873796
BTC/USDT,2024-01-09,46110.0,69927.66617,3251442072.8083963,2637745,34825.45429,0.4980211152097714,-0.003957769580457238
BTC/USDT,2024-01-10,46653.99,89911.41203,4123809481.712767,3133588,46910.79439,0.5217446076183039,0.04348921523660776
BTC/USDT,2024-01-11,46339.16,87470.3296,4105139605.028302,2998451,44076.1683,0.5038985048022501,0.007797009604500138
BTC/USDT,2024-01-12,42782.73,86327.93707,3827483735.576057,2809192,41707.58066,0.4831295878897341,-0.03374082422053182
BTC/USDT,2024-01-13,42847.99,36118.47464,1547370611.5531662,1434243,17748.09824,0.4913855974511331,-0.017228805097733835
BTC/USDT,2024-01-14,41732.35,28228.40894,1202212782.257693,1235727,13690.30843,0.4849833534401106,-0.03003329311977876
BTC/USDT,2024-01-15,42511.1,40269.89303,1718982911.1081028,1657611,19924.7603,0.49478056187426633,-0.010438876251467333
BTC/USDT,2024-01-16,43137.95,45045.74589,1931947150.0590703,1716580,24064.55667,0.5342248461989004,0.06844969239780085
BTC/USDT,2024-01-17,42776.1,33266.21388,1419888430.9228892,1438172,16648.20529,0.5004538643939002,0.0009077287878003215
BTC/USDT,2024-01-18,41327.5,43907.51641,1839426541.2635791,1466087,21085.14336,0.4802171720010524,-0.03956565599789519
BTC/USDT,2024-01-19,41659.03,48342.74559,1993846466.538752,1641428,24347.5002,0.503643305791809,0.007286611583618097
BTC/USDT,2024-01-20,41696.04,15923.99493,662768008.1509343,807324,7557.36632,0.47458984715966623,-0.05082030568066753
BTC/USDT,2024-01-21,41580.33,11730.16301,489151571.0309043,657817,5576.56045,0.4754034914302525,-0.04919301713949498
BTC/USDT,2024-01-22,39568.02,55426.19911,2247452153.7954326,2147250,26788.13985,0.4833118683970318,-0.03337626320593645
BTC/USDT,2024-01-23,39897.6,57956.63351,2275851990.6468267,2043925,30913.97177,0.533398334198725,0.06679666839744991
BTC/USDT,2024-01-24,40084.88,39293.82861,1569704923.8307493,1675615,20673.05725,0.5261146083570706,0.05222921671414116
BTC/USDT,2024-01-25,39961.09,31022.11853,1238813296.1526136,1291233,15685.24919,0.5056150235139986,0.011230047027997125
BTC/USDT,2024-01-26,41823.51,47384.96726,1951700659.289807,1624861,24674.75551,0.5207296097644281,0.04145921952885612
BTC/USDT,2024-01-27,42120.63,16224.41667,678418702.3509445,751148,7485.64978,0.4613817514833339,-0.07723649703333224
BTC/USDT,2024-01-28,42031.06,27294.99838,1154365891.668259,1032493,12971.1882,0.4752221641274924,-0.049555671745015184
BTC/USDT,2024-01-29,43302.7,31542.74207,1343462280.3618684,1197856,15996.88627,0.5071495126992934,0.014299025398586851
BTC/USDT,2024-01-30,42941.1,37619.24546,1633251085.6713595,1316610,19317.29993,0.5134951457370353,0.026990291474070505
BTC/USDT,2024-01-31,42580.0,39871.13688,1711665577.0530825,1499559,20289.94825,0.508888129051012,0.01777625810202399
BTC/USDT,2024-02-01,43082.94,35231.04664,1497121440.644002,1392269,18134.84304,0.5147404000030582,0.029480800006116414
BTC/USDT,2024-02-02,43200.0,29672.14418,1277919437.2905612,1086342,15645.5711,0.527281446365633,0.05456289273126602
BTC/USDT,2024-02-03,43011.09,12033.40998,518775350.03360087,609962,5691.78572,0.4729985706013483,-0.05400285879730338
BTC/USDT,2024-02-04,42582.88,17066.89404,730999557.7083682,931235,8427.12671,0.49377037733105894,-0.012459245337882119
BTC/USDT,2024-02-05,42708.7,29467.75905,1262620640.5407171,1317397,14984.06962,0.508490299332755,0.01698059866551005
BTC/USDT,2024-02-06,43098.95,24675.85433,1061049582.6002768,1120760,12810.98205,0.5191707601558045,0.03834152031160909
BTC/USDT,2024-02-07,44349.6,34392.59915,1496013692.382922,1378809,17755.87738,0.5162702970647683,0.03254059412953669
BTC/USDT,2024-02-08,45288.65,45439.62231,2042912128.1517663,1863650,22731.52397,0.500257766557127,0.0005155331142538966
BTC/USDT,2024-02-09,47132.77,73503.481,3453043306.420976,2323884,37360.96419,0.5082883651455908,0.016576730291181674
BTC/USDT,2024-02-10,47751.09,24802.35936,1176079377.6922762,1323421,12740.69912,0.513688997690581,0.027377995381161924
BTC/USDT,2024-02-11,48299.99,29958.80837,1443314885.7714052,1407270,15741.38294,0.5254342143916186,0.050868428783237274
BTC/USDT,2024-02-12,49917.27,59009.96705,2898220863.0181804,1939394,30797.43359,0.521902233293994,0.04380446658798798
BTC/USDT,2024-02-13,49699.59,55551.56706,2745025370.067447,1741811,28409.79337,0.5114129964923441,0.022825992984688126
BTC/USDT,2024-02-14,51795.17,57046.37401,2919604456.723313,1859392,29664.5183,0.5200070787110839,0.04001415742216774
BTC/USDT,2024-02-15,51880.0,53816.03055,2802825737.9920154,1786569,26722.58656,0.496554396281091,-0.006891207437818014
BTC/USDT,2024-02-16,52124.11,37772.25318,1965003863.9713345,1583711,18309.89888,0.4847446826310826,-0.030510634737834774
BTC/USDT,2024-02-17,51642.64,25674.00622,1319908544.9790893,1427773,12655.51593,0.4929310923100649,-0.014137815379870244
BTC/USDT,2024-02-18,52137.67,21992.10363,1139209588.4334626,1375422,11281.34692,0.5129726155260027,0.025945231052005413
BTC/USDT,2024-02-19,51774.73,29534.99432,1539600521.6007729,1542990,15266.36204,0.516890637411167,0.03378127482233406
BTC/USDT,2024-02-20,52258.82,49614.47318,2574874999.3787174,1971912,24994.25062,0.5037693442661684,0.007538688532336746
BTC/USDT,2024-02-21,51849.39,43079.40049,2210278288.725095,1824860,22239.73293,0.5162498242091947,0.03249964841838948
BTC/USDT,2024-02-22,51288.42,35309.44574,1820949707.158534,1688184,17830.4673,0.504977263911025,0.009954527822050085
BTC/USDT,2024-02-23,50744.15,30545.79544,1559143576.8296163,1487039,14610.80906,0.4783247202941394,-0.04335055941172117
BTC/USDT,2024-02-24,51568.22,16560.4211,847793393.571868,855015,8462.15627,0.5109867810064322,0.02197356201286449
BTC/USDT,2024-02-25,51728.85,18721.63159,966951114.4504627,923992,9544.17672,0.5097940675799827,0.01958813515996538
BTC/USDT,2024-02-26,54476.47,51256.72199,2710403072.980595,1808909,27198.83551,0.5306393864848867,0.061278772969773465
BTC/USDT,2024-02-27,57037.34,67194.98562,3795949115.224932,2414285,34970.25885,0.5204295905019347,0.04085918100386943
BTC/USDT,2024-02-28,62432.1,118763.46984,7162581994.48574,3895062,62066.63936,0.5226071572649161,0.04521431452983227
BTC/USDT,2024-02-29,61130.98,78425.07603,4872212871.27608,3169405,39463.06931,0.5031945304701287,0.006389060940257485
BTC/USDT,2024-03-01,62387.9,47737.93473,2956537377.9660296,1947444,24195.70252,0.5068443504489244,0.013688700897848793
BTC/USDT,2024-03-02,61987.28,25534.73659,1582566973.834093,1641808,12691.37721,0.4970240113998372,-0.005951977200325587
BTC/USDT,2024-03-03,63113.97,28994.90903,1804536272.9443457,1992011,14905.186,0.5140621750038303,0.02812435000766067
BTC/USDT,2024-03-04,68245.71,84835.16005,5568877537.081252,3887853,45319.0864,0.5342016962458715,0.0684033924917431
BTC/USDT,2024-03-05,63724.01,132696.7813,8674526591.28714,5310706,65991.84526,0.497313081850916,-0.005373836298168011
BTC/USDT,2024-03-06,66074.04,78738.85491,5197743036.597276,3302981,40344.32596,0.5123814158348421,0.024762831669684182
BTC/USDT,2024-03-07,66823.17,53059.8869,3548088039.273608,2428227,27935.66302,0.5264930751294157,0.052986150258831355
BTC/USDT,2024-03-08,68124.19,74261.932842,5044395324.399055,2943927,37711.514581,0.5078175740622747,0.01563514812454936
BTC/USDT,2024-03-09,68313.27,19872.89743,1355964036.9092987,1345341,10005.592,0.5034792754928439,0.006958550985687761
BTC/USDT,2024-03-10,68955.88,38404.66835,2659307501.094578,2139518,19188.79904,0.4996475653720885,-0.0007048692558230263
BTC/USDT,2024-03-11,72078.1,75292.825726,5352704377.618805,3043414,39435.855459,0.5237664422705027,0.04753288454100546
BTC/USDT,2024-03-12,71452.01,68783.546691,4909667978.559338,3047890,34517.212933,0.5018236859472153,0.00364737189443054
BTC/USDT,2024-03-13,73072.41,52659.711647,3829764501.253793,2501197,26787.082237,0.5086826607894281,0.017365321578856285
BTC/USDT,2024-03-14,71388.94,71757.628746,5132189849.096632,2994869,35676.748326,0.49718404787712184,-0.005631904245756325
BTC/USDT,2024-03-15,69499.85,103334.03546,7065279917.872112,3904445,49844.66515,0.4823644497005498,-0.03527110059890037
BTC/USDT,2024-03-16,65300.63,55926.95336,3788544202.884856,2729019,27240.19894,0.48706745680666197,-0.02586508638667606
BTC/USDT,2024-03-17,68393.48,49742.21589,3322963634.2425127,2449156,25328.29435,0.5091911145657649,0.01838222913152987
BTC/USDT,2024-03-18,67609.99,55691.08088,3768277912.4189186,2464515,28529.67219,0.5122844042383399,0.02456880847667975
BTC/USDT,2024-03-19,61937.4,101005.32487,6484805948.535393,3593832,48205.28434,0.47725488138415606,-0.04549023723168788
BTC/USDT,2024-03-20,67840.51,90420.58592,5769770052.062583,3549793,45523.84281,0.5034676821302332,0.00693536426046637
BTC/USDT,2024-03-21,65501.27,53357.48002,3551223142.964417,2388390,26650.09786,0.49946320272266864,-0.0010735945546627157
BTC/USDT,2024-03-22,63796.64,51482.37821,3310481978.107645,2492881,24578.87957,0.47742315768205457,-0.04515368463589087
BTC/USDT,2024-03-23,63990.01,26410.11409,1706152172.6316135,1753566,12749.00823,0.48273203919354973,-0.03453592161290053
BTC/USDT,2024-03-24,67209.99,31395.78015,2059312948.6486876,1880774,16689.65617,0.5315891527543392,0.06317830550867831
BTC/USDT,2024-03-25,69880.01,53431.14486,3679964073.811213,2632220,27815.58769,0.5205875292936779,0.04117505858735582
BTC/USDT,2024-03-26,69988.0,38934.38417,2738537345.33588,2176807,19498.85666,0.500813280489085,0.001626560978170044
BTC/USDT,2024-03-27,69469.99,49119.35685,3426458581.9433436,2453366,24902.3347,0.5069759927037807,0.013951985407561374
BTC/USDT,2024-03-28,70780.6,35439.03239,2500571208.002628,1799897,18007.26883,0.5081196526991295,0.01623930539825902
BTC/USDT,2024-03-29,69850.54,25445.08353,1779608477.3224535,1522607,11839.0929,0.46528017430328317,-0.06943965139343367
BTC/USDT,2024-03-30,69582.18,13644.61142,954555919.6855744,1110488,6423.89367,0.47080077785022045,-0.058398444299559094
BTC/USDT,2024-03-31,71280.01,19396.34433,1367523707.2612453,1181926,10142.47988,0.5229067760110238,0.04581355202204751
