cfg,n,exp,win,reg_lo,reg_mid,reg_hi
stop1.5/noTP/noTrail,149,-0.0015144406900455664,0.11409395973154363,-0.0008208521652179379,-0.0002700580197000459,-0.003427524231811805
stop2.0/noTP/noTrail,127,-0.0020811583973397068,0.15748031496062992,1.8862871123597657e-06,0.0015290882976951978,-0.007824046078837441
stop1.5/2.0ATR-decay/noTrail,275,-0.0026029383729162274,0.44727272727272727,-0.0005733463218452569,-0.002864124263181151,-0.004374183510790371
stop1.5/2.0ATR/noTrail,271,-0.0026459740511621983,0.43911439114391143,-0.0005874893972264601,-0.003165025784627024,-0.004208279023343507
stop2.0/3.0ATR-decay/noTrail,238,-0.002905047524814433,0.41596638655462187,-0.0006225569589372801,-0.0045754893310241615,-0.0035459885701258713
stop1.5/3.0ATR-decay/noTrail,258,-0.002913667222293751,0.3372093023255814,-0.0007895060793328548,-0.005191179012093058,-0.00276031657545534
stop1.5/2.0ATR-decay/trail3.0,275,-0.002914933545345172,0.41818181818181815,-0.0009590528573359245,-0.0026732832814578868,-0.005109837863938582
stop2.0/2.0ATR-decay/noTrail,259,-0.002945892649557302,0.5173745173745173,-0.00044280889706520325,-0.0022433691026876403,-0.00618060557394804
stop1.5/2.0ATR/trail3.0,271,-0.0030038892267079346,0.4059040590405904,-0.0009893599813590457,-0.003093736453838025,-0.004950954903208387
stop3.0/noTP/noTrail,107,-0.003024660090823806,0.205607476635514,-0.002977301094801349,0.0024511922955511426,-0.008395764462488575
stop2.0/2.0ATR/noTrail,257,-0.003078528318722429,0.5019455252918288,-0.00037303843892778167,-0.002777236813971061,-0.006081806313678313
stop3.0/2.0ATR-decay/trail3.0,231,-0.0030866289568566266,0.5497835497835498,-0.001098097138502829,-0.0026319487098969358,-0.005529841022170115
stop2.0/3.0ATR/noTrail,230,-0.0031268713178219626,0.39565217391304347,-0.0006318870887864225,-0.003950784625856781,-0.004808642411654305
stop1.5/3.0ATR/noTrail,255,-0.0031762279468242976,0.3215686274509804,-0.0006832825845220146,-0.004713297123635614,-0.004132104132315265
stop2.0/2.0ATR-decay/trail3.0,259,-0.0032037565564301917,0.49034749034749037,-0.0006916084819076938,-0.0022747637385843746,-0.006674108472920862
stop3.0/3.0ATR/trail3.0,208,-0.003232326136974661,0.41346153846153844,-0.0014143125108526634,-0.004684817897128483,-0.003624196026509822
stop3.0/2.0ATR/trail3.0,227,-0.0032335231455248633,0.5242290748898678,-0.0013048597278335803,-0.0031341412223921832,-0.005260260829465502
stop2.0/2.0ATR/trail3.0,257,-0.0032836737336036496,0.47470817120622566,-0.0006342217026310742,-0.002704640983976223,-0.0065054255752544955
stop3.0/3.0ATR/noTrail,194,-0.0033069103881114086,0.4948453608247423,-0.00016102869369101386,-0.0051705950832488835,-0.004617779459627213
stop1.5/2.0ATR-decay/trail2.0,281,-0.0033456787598273386,0.3665480427046263,-0.0018867469927741813,-0.0031294659199483103,-0.005018523230165066
stop1.5/2.0ATR/trail2.0,279,-0.003349020200100118,0.35842293906810035,-0.001778577525418524,-0.0032467520745752447,-0.005021731000306586
stop3.0/3.0ATR-decay/trail3.0,215,-0.003361186870102639,0.4325581395348837,-0.0014039014412040014,-0.0046017408598513655,-0.004095148225776838
stop3.0/2.0ATR-decay/noTrail,229,-0.003412328409155261,0.6069868995633187,-0.00022569241764033168,-0.003449807892081443,-0.006603414338684994
stop3.0/noTP/trail3.0,176,-0.003485931229659339,0.32954545454545453,-0.0023216806335865808,-0.004495747699155295,-0.003657480889617429
stop1.5/3.0ATR-decay/trail3.0,258,-0.003500226956437196,0.31007751937984496,-0.001340404790198211,-0.005175437177396174,-0.003984838901717203
stop3.0/2.0ATR-decay/trail2.0,267,-0.0035462843296916314,0.41198501872659177,-0.002124973804393936,-0.0027570029571277583,-0.0057568762275531996
stop3.0/3.0ATR-decay/noTrail,206,-0.0035501575233716394,0.5145631067961165,-0.00014787983422094486,-0.005922789652217334,-0.0046141890565584605
stop2.0/2.0ATR-decay/trail2.0,273,-0.0035849214475213173,0.40293040293040294,-0.0017965378184811374,-0.0027273386407739787,-0.006230887883308836
stop2.0/2.0ATR/trail2.0,271,-0.0036025187499036646,0.39114391143911437,-0.0016725553282226273,-0.003254328440494324,-0.005902116519012721
stop3.0/2.0ATR/trail2.0,265,-0.0036432165874370867,0.39622641509433965,-0.0019998870979448012,-0.002955226596262171,-0.005993210266848518
stop2.0/3.0ATR-decay/trail3.0,241,-0.0036597329106111505,0.37344398340248963,-0.001355801394650209,-0.0040436179323891114,-0.005608578548743642
stop1.5/3.0ATR/trail3.0,256,-0.003698254423047686,0.296875,-0.0011792978780911364,-0.004784495808476541,-0.005160604365457224
stop2.0/3.0ATR/trail3.0,236,-0.003760100462682631,0.3601694915254237,-0.001284598958560743,-0.0037603845500163613,-0.006235321475512988
stop3.0/2.0ATR/noTrail,222,-0.0037770455128484093,0.581081081081081,-0.0006428853976412502,-0.003863787286435635,-0.006824463854468343
stop1.5/3.0ATR-decay/trail2.0,274,-0.003962851962209934,0.2664233576642336,-0.0022288848131297736,-0.005371639086377149,-0.004307086571178707
stop1.5/3.0ATR/trail2.0,273,-0.004082711454564487,0.26373626373626374,-0.0023361680767694155,-0.004965036029905846,-0.0049469302570182
stop1.5/noTP/trail3.0,223,-0.0042938998173825795,0.21524663677130046,-0.0015976001264043172,-0.005609085813621274,-0.005711449994432664
stop2.0/3.0ATR/trail2.0,263,-0.004396204774804408,0.28517110266159695,-0.0023792337447302303,-0.005118679739927225,-0.005698910782541256
stop2.0/3.0ATR-decay/trail2.0,264,-0.004400114135461852,0.2878787878787879,-0.002570122026398172,-0.005105231148492873,-0.0055249892314945094
stop3.0/3.0ATR/trail2.0,257,-0.004465487318951887,0.28793774319066145,-0.0028127839038228934,-0.004800172465961302,-0.005787397274827387
stop3.0/3.0ATR-decay/trail2.0,258,-0.004469219057980637,0.29069767441860467,-0.0027976217586860746,-0.005000604378708841,-0.005609431036546994
stop2.0/noTP/trail3.0,205,-0.004701405089498435,0.2682926829268293,-0.0023010393177291086,-0.005544157910463532,-0.006294317536946331
stop1.5/noTP/trail2.0,269,-0.004895272697775028,0.2527881040892193,-0.002530815931613997,-0.005660541765687893,-0.006502963385666671
stop2.0/noTP/trail2.0,256,-0.0049431738872236205,0.2734375,-0.0028909580762966594,-0.005334577159862326,-0.0066281301409345465
stop3.0/noTP/trail2.0,250,-0.005023226651645117,0.276,-0.002956264238217625,-0.005643701391212846,-0.006494617487112439
