symbol,date,level,entry,outcome,ret,crossover,volume
BTC/USDT,2023-10-19,28580.0,28713.71,win,0.1000000000000001,True,True
SOL/USDT,2023-10-19,24.8,24.93,win,0.10000000000000009,True,True
TRX/USDT,2023-10-21,0.09109,0.0916,win,0.10000000000000002,True,True
NEAR/USDT,2023-10-23,1.07,1.101,win,0.10000000000000007,False,True
UNI/USDT,2023-10-23,4.279,4.378,loss,-0.07148241206030168,False,True
BNB/USDT,2023-10-23,219.0,228.5,win,0.1000000000000001,True,True
EUR/USDT,2023-10-23,1.0629,1.0667,timeout,-0.0001874941408080791,False,True
ZEC/USDT,2023-10-23,26.3,27.26,win,0.10000000000000009,False,True
ETH/USDT,2023-10-23,1751.0,1765.46,win,0.10000000000000002,True,True
XRP/USDT,2023-10-24,0.5494,0.5588,win,0.10000000000000007,True,True
WLD/USDT,2023-10-25,1.688,1.805,win,0.10000000000000006,True,True
XRP/USDT,2023-10-31,0.5866,0.5996,win,0.10000000000000002,True,True
XLM/USDT,2023-10-31,0.1205,0.1212,win,0.10000000000000016,True,True
UNI/USDT,2023-11-01,4.5,4.795,win,0.10000000000000014,False,True
BTC/USDT,2023-11-01,35280.0,35421.43,timeout,0.009040290016523927,True,True
EUR/USDT,2023-11-03,1.0688,1.071,timeout,0.01811391223155937,False,True
BNB/USDT,2023-11-05,238.1,244.0,loss,-0.07297131147540986,True,True
ETH/USDT,2023-11-05,1865.54,1891.71,win,0.10000000000000014,True,True
ZEC/USDT,2023-11-06,29.0,29.85,loss,-0.07705192629815759,True,True
BTC/USDT,2023-11-09,35984.99,36701.09,timeout,0.031430946601313556,True,True
SOL/USDT,2023-11-10,46.9,56.67,win,0.10000000000000014,True,True
TRX/USDT,2023-11-10,0.10121,0.10622,loss,-0.09480794577292422,True,True
NEAR/USDT,2023-11-12,1.68,1.701,loss,-0.06172839506172851,True,True
WLD/USDT,2023-11-13,2.05,2.308,loss,-0.15619584055459276,True,True
EUR/USDT,2023-11-14,1.074,1.086,timeout,-0.0031307550644567857,True,True
UNI/USDT,2023-11-22,5.628,6.109,win,0.10000000000000014,True,True
WLD/USDT,2023-11-25,2.6,2.731,loss,-0.09556938850238013,True,True
BTC/USDT,2023-12-01,37980.0,38682.52,win,0.10000000000000002,True,True
ZEC/USDT,2023-12-02,30.43,31.4,win,0.10000000000000002,True,True
ETH/USDT,2023-12-02,2133.02,2164.74,win,0.10000000000000009,True,False
NEAR/USDT,2023-12-05,2.188,2.257,win,0.1000000000000001,True,True
XLM/USDT,2023-12-06,0.1237,0.1254,win,0.10000000000000017,True,True
XRP/USDT,2023-12-06,0.6375,0.64,loss,-0.05371093750000007,True,True
SOL/USDT,2023-12-08,68.2,74.94,loss,-0.13544168668267936,True,True
UNI/USDT,2023-12-09,6.605,6.842,loss,-0.08290704472376492,True,True
WLD/USDT,2023-12-16,2.75,3.812,win,0.10000000000000006,True,True
BNB/USDT,2023-12-20,257.3,260.3,win,0.1000000000000001,True,True
NEAR/USDT,2023-12-20,2.613,2.845,win,0.10000000000000014,True,True
SOL/USDT,2023-12-20,77.78,82.21,win,0.10000000000000005,True,True
EUR/USDT,2023-12-26,1.1003,1.1023,timeout,-0.007438991200217713,True,False
UNI/USDT,2023-12-26,7.13,7.346,win,0.10000000000000005,True,True
BTC/USDT,2024-01-02,44398.26,44946.91,loss,-0.061596292158904845,True,True
BTC/USDT,2024-01-08,45879.63,46951.04,loss,-0.07167874236651638,True,True
ETH/USDT,2024-01-10,2445.8,2584.38,loss,-0.10094103808263485,True,True
TRX/USDT,2024-01-13,0.11052,0.11424,timeout,0.01794467787114855,True,True
TRX/USDT,2024-02-03,0.11661,0.11724,win,0.09999999999999999,True,False
BTC/USDT,2024-02-07,43882.36,44349.6,win,0.10000000000000014,True,True
ETH/USDT,2024-02-07,2391.98,2425.1,win,0.10000000000000009,True,True
UNI/USDT,2024-02-07,6.34,6.393,win,0.10000000000000007,True,True
BNB/USDT,2024-02-08,313.1,319.2,win,0.10000000000000005,True,True
SOL/USDT,2024-02-09,106.49,106.94,win,0.10000000000000003,True,True
NEAR/USDT,2024-02-12,3.234,3.381,win,0.10000000000000009,True,True
WLD/USDT,2024-02-13,2.761,2.774,win,0.10000000000000003,False,True
TRX/USDT,2024-02-14,0.1278,0.12956,win,0.10000000000000017,True,True
XRP/USDT,2024-02-15,0.54,0.5622,win,0.10000000000000007,False,True
ZEC/USDT,2024-02-17,23.26,24.84,win,0.10000000000000007,False,True
XLM/USDT,2024-02-19,0.1171,0.1184,loss,-0.060430743243243316,False,True
BTC/USDT,2024-02-26,52985.0,54476.47,win,0.10000000000000007,True,True
TRX/USDT,2024-02-27,0.14048,0.14288,loss,-0.06595744680851075,True,True
XRP/USDT,2024-02-27,0.5791,0.5861,loss,-0.061346186657567095,False,True
SOL/USDT,2024-02-28,118.69,119.03,win,0.10000000000000017,True,True
XLM/USDT,2024-03-01,0.1255,0.1271,win,0.1,True,True
UNI/USDT,2024-03-05,12.859,13.184,win,0.10000000000000005,True,True
BNB/USDT,2024-03-06,427.3,429.4,win,0.10000000000000013,True,True
EUR/USDT,2024-03-06,1.088,1.0883,timeout,-0.005696958559220787,True,True
WLD/USDT,2024-03-09,9.45,11.692,loss,-0.23216729387615473,True,True
XRP/USDT,2024-03-11,0.6685,0.723,loss,-0.12161134163208857,True,True
ETH/USDT,2024-04-08,3678.86,3694.61,loss,-0.054049818519410764,True,True
EUR/USDT,2024-05-03,1.0734,1.0746,timeout,0.006420993858179701,False,True
TRX/USDT,2024-05-09,0.12385,0.1262,loss,-0.06769017432646598,True,True
EUR/USDT,2024-05-14,1.0798,1.0806,timeout,0.008698870997593998,False,True
NEAR/USDT,2024-05-15,7.915,8.052,loss,-0.06616368604073523,True,True
BTC/USDT,2024-05-15,65500.0,66206.5,timeout,0.06542167309856278,True,True
SOL/USDT,2024-05-16,159.19,159.37,win,0.10000000000000007,True,True
UNI/USDT,2024-05-20,7.949,9.328,win,0.10000000000000003,False,True
ETH/USDT,2024-05-20,3221.4,3661.78,timeout,0.012185330631550745,True,True
ZEC/USDT,2024-05-20,24.07,25.03,win,0.10000000000000014,False,True
BNB/USDT,2024-05-21,605.8,618.5,win,0.10000000000000003,True,True
ENA/USDT,2024-06-03,0.972,1.027,loss,-0.10087633885102243,True,True
BNB/USDT,2024-06-04,631.4,685.7,loss,-0.1252296922852561,True,True
BTC/USDT,2024-06-05,70687.56,71108.0,loss,-0.05561706137143499,True,True
TRX/USDT,2024-06-09,0.11526,0.11688,timeout,0.07400752908966465,False,False
UNI/USDT,2024-06-16,11.968,11.984,loss,-0.05126835781041387,True,False
TRX/USDT,2024-06-21,0.11797,0.11835,win,0.09999999999999999,False,True
ZEC/USDT,2024-07-09,21.36,22.61,win,0.10000000000000013,False,True
XLM/USDT,2024-07-13,0.0943,0.1023,timeout,-0.0664711632453568,False,True
XRP/USDT,2024-07-13,0.4889,0.5257,win,0.10000000000000002,False,True
EUR/USDT,2024-07-13,1.0949,1.0955,timeout,-0.008854404381560767,True,False
BTC/USDT,2024-07-15,63861.76,64724.14,loss,-0.06265773481115393,False,True
NEAR/USDT,2024-07-15,5.599,5.915,loss,-0.10075232459847848,False,True
SOL/USDT,2024-07-15,155.0,159.38,win,0.1000000000000001,False,True
TAO/USDT,2024-07-18,321.0,336.2,loss,-0.0929506246281975,False,False
BNB/USDT,2024-07-19,588.3,593.4,loss,-0.058164812942366195,False,True
ETH/USDT,2024-07-21,3524.94,3535.92,loss,-0.05295001018122591,True,False
EUR/USDT,2024-08-13,1.0965,1.0982,timeout,0.006920415224913339,True,False
BNB/USDT,2024-08-17,535.8,541.6,win,0.10000000000000014,False,False
TRX/USDT,2024-08-19,0.1394,0.1432,win,0.1,True,True
BTC/USDT,2024-08-23,62745.14,64037.24,loss,-0.06916845572982226,False,True
NEAR/USDT,2024-08-23,4.413,4.838,loss,-0.133453906572964,False,True
TAO/USDT,2024-08-23,328.7,346.4,loss,-0.09854214780600459,False,True
ENA/USDT,2024-08-23,0.347,0.359,loss,-0.08175487465181071,False,True
WLD/USDT,2024-08-24,1.891,1.912,loss,-0.06043410041841007,False,True
XLM/USDT,2024-09-12,0.0945,0.095,timeout,-0.04736842105263162,False,True
ENA/USDT,2024-09-18,0.238,0.242,win,0.1,False,True
ETH/USDT,2024-09-19,2464.82,2465.21,win,0.10000000000000007,False,True
TAO/USDT,2024-09-19,364.6,374.2,win,0.10000000000000005,False,True
SOL/USDT,2024-09-19,139.8,142.89,win,0.10000000000000012,False,True
NEAR/USDT,2024-09-20,4.366,4.386,win,0.10000000000000002,False,True
WLD/USDT,2024-09-21,1.62,1.645,loss,-0.06443768996960492,False,False
XLM/USDT,2024-09-21,0.0974,0.098,loss,-0.05581632653061227,False,True
BNB/USDT,2024-09-23,600.6,604.5,loss,-0.05612903225806443,True,True
UNI/USDT,2024-09-26,7.142,7.357,loss,-0.0777626750033981,False,True
BTC/USDT,2024-09-26,65000.0,65173.99,loss,-0.05253614210208701,True,True
TRX/USDT,2024-09-27,0.155,0.1552,timeout,0.027061855670102972,True,True
XRP/USDT,2024-09-28,0.6128,0.6138,loss,-0.05154773541870316,True,True
TAO/USDT,2024-10-06,599.4,634.9,loss,-0.10311860135454406,True,False
ZEC/USDT,2024-10-10,32.54,33.85,win,0.10000000000000014,False,True
UNI/USDT,2024-10-10,7.868,8.133,loss,-0.08095413746465013,True,True
SOL/USDT,2024-10-14,152.4,157.59,win,0.10000000000000009,True,True
WLD/USDT,2024-10-14,2.182,2.416,loss,-0.1420115894039736,False,True
BTC/USDT,2024-10-14,64478.19,66083.99,win,0.10000000000000006,True,True
BNB/USDT,2024-10-14,586.8,589.1,loss,-0.05370904769988134,True,True
ETH/USDT,2024-10-14,2521.0,2629.79,loss,-0.08929990607615063,False,True
ENA/USDT,2024-10-15,0.4224,0.4284,loss,-0.06330532212885162,False,True
TRX/USDT,2024-10-24,0.164,0.1646,win,0.10000000000000002,True,True
BTC/USDT,2024-10-28,69519.52,69962.21,win,0.10000000000000006,True,True
ENA/USDT,2024-11-06,0.4061,0.4856,win,0.09999999999999999,True,True
SOL/USDT,2024-11-06,183.38,186.59,win,0.1000000000000001,True,True
ZEC/USDT,2024-11-06,41.12,43.24,win,0.10000000000000012,True,True
BTC/USDT,2024-11-06,73620.12,75571.99,win,0.1000000000000001,True,True
UNI/USDT,2024-11-06,8.327,9.288,win,0.10000000000000007,True,True
XLM/USDT,2024-11-07,0.0976,0.1021,win,0.1000000000000001,False,True
ETH/USDT,2024-11-07,2722.3,2895.47,win,0.10000000000000002,False,True
BNB/USDT,2024-11-09,612.2,624.66,win,0.10000000000000002,True,True
XRP/USDT,2024-11-10,0.5666,0.5884,win,0.1,False,True
NEAR/USDT,2024-11-11,5.282,5.562,loss,-0.09782452355267893,False,True
TRX/USDT,2024-11-12,0.1705,0.1873,win,0.10000000000000013,True,True
BTC/USDT,2024-11-20,93265.64,94286.56,win,0.10000000000000003,True,False
XRP/USDT,2024-11-22,1.2698,1.4726,win,0.10000000000000012,True,True
ZEC/USDT,2024-11-23,48.2,48.82,win,0.1000000000000001,True,True
ENA/USDT,2024-11-24,0.6743,0.6808,loss,-0.059070211515863696,True,False
NEAR/USDT,2024-11-24,6.389,6.873,loss,-0.11689946166157437,True,True
UNI/USDT,2024-11-24,10.764,10.899,win,0.10000000000000002,True,True
ETH/USDT,2024-11-27,3442.5,3653.28,win,0.10000000000000012,True,True
WLD/USDT,2024-11-28,2.856,2.943,win,0.10000000000000007,True,True
XRP/USDT,2024-11-29,1.63,1.8006,win,0.10000000000000006,True,False
TAO/USDT,2024-11-30,624.2,677.8,loss,-0.1251254057244024,True,False
NEAR/USDT,2024-12-02,7.251,7.48,loss,-0.07908422459893057,True,True
BNB/USDT,2024-12-03,687.75,734.64,loss,-0.11063582162691936,True,True
TRX/USDT,2024-12-03,0.2248,0.4334,timeout,-0.41716658975542226,True,True
BTC/USDT,2024-12-06,99588.01,99740.84,loss,-0.05145565748193023,True,True
BTC/USDT,2024-12-15,104088.0,104463.99,loss,-0.053419269166341564,True,False
ENA/USDT,2024-12-15,1.1477,1.2518,loss,-0.12900223677903827,True,True
TAO/USDT,2025-01-02,521.7,522.1,win,0.10000000000000006,False,True
TRX/USDT,2025-01-03,0.2654,0.2702,loss,-0.06687638786084373,True,False
BTC/USDT,2025-01-06,99963.7,102235.6,loss,-0.07111109046163964,True,True
XRP/USDT,2025-01-11,2.509,2.5764,loss,-0.07485250737463142,True,True
XLM/USDT,2025-01-15,0.486,0.4881,loss,-0.05408727719729571,True,True
BTC/USDT,2025-01-17,102724.38,104077.48,loss,-0.06235084669613449,True,True
SOL/USDT,2025-01-18,223.18,261.97,win,0.1,True,True
EUR/USDT,2025-02-20,1.0505,1.0507,timeout,0.03569049205291719,False,True
TAO/USDT,2025-02-20,437.4,465.9,loss,-0.10811332904056666,False,True
XRP/USDT,2025-03-02,2.8356,2.9396,loss,-0.08361001496802298,True,True
ZEC/USDT,2025-03-02,38.98,41.27,loss,-0.10271383571601657,False,True
EUR/USDT,2025-03-04,1.0575,1.0619,timeout,0.01685657783218761,True,True
BNB/USDT,2025-03-21,635.01,635.17,loss,-0.0502393060125635,False,False
SOL/USDT,2025-03-24,136.71,141.01,loss,-0.07896957662577107,False,True
ZEC/USDT,2025-03-25,34.93,36.51,win,0.1000000000000001,False,True
EUR/USDT,2025-04-03,1.099,1.1045,timeout,0.025350837483024014,True,True
EUR/USDT,2025-04-10,1.114,1.1258,timeout,0.005773672055427405,True,True
TRX/USDT,2025-04-11,0.2418,0.243,timeout,0.006995884773662581,True,False
TAO/USDT,2025-04-18,263.2,274.5,win,0.10000000000000017,False,False
EUR/USDT,2025-04-21,1.1472,1.1514,timeout,-0.021799548375890133,True,True
BTC/USDT,2025-04-21,86496.42,87516.23,win,0.10000000000000009,False,True
NEAR/USDT,2025-04-22,2.247,2.404,win,0.10000000000000007,False,False
WLD/USDT,2025-04-22,0.792,0.839,win,0.1000000000000001,False,True
SOL/USDT,2025-04-22,147.48,148.79,win,0.10000000000000013,False,True
XLM/USDT,2025-04-22,0.2523,0.265,win,0.10000000000000009,False,True
BNB/USDT,2025-04-22,600.48,618.51,win,0.1,False,True
UNI/USDT,2025-04-22,5.648,5.81,loss,-0.07648881239242684,False,True
ETH/USDT,2025-04-22,1691.5,1756.26,win,0.10000000000000012,False,True
ENA/USDT,2025-04-24,0.3504,0.3566,loss,-0.06651710600112176,False,True
XRP/USDT,2025-04-27,2.2475,2.252,loss,-0.05189831261101237,False,True
BTC/USDT,2025-05-01,95758.04,96489.91,win,0.10000000000000009,True,True
ZEC/USDT,2025-05-07,40.12,40.49,win,0.10000000000000016,False,True
TRX/USDT,2025-05-08,0.2544,0.2571,timeout,0.06495527032283155,True,True
UNI/USDT,2025-05-08,6.099,6.151,win,0.10000000000000014,False,True
TAO/USDT,2025-05-08,389.5,423.3,win,0.10000000000000009,True,True
BNB/USDT,2025-05-08,610.75,629.17,win,0.10000000000000006,False,True
ETH/USDT,2025-05-08,1873.17,2207.39,win,0.10000000000000002,False,True
BTC/USDT,2025-05-08,97895.68,103261.6,timeout,0.04377406509292896,True,True
SOL/USDT,2025-05-08,153.99,164.46,win,0.10000000000000016,False,True
NEAR/USDT,2025-05-08,2.729,2.736,win,0.10000000000000002,False,True
XRP/USDT,2025-05-10,2.363,2.4711,loss,-0.09155841528064419,True,True
ENA/USDT,2025-05-10,0.3797,0.4189,loss,-0.13889949868703758,False,True
XLM/USDT,2025-05-10,0.2975,0.3217,loss,-0.12146409698476851,False,True
WLD/USDT,2025-05-11,1.259,1.262,loss,-0.052258320126783026,False,True
BTC/USDT,2025-05-18,105819.45,106454.26,loss,-0.05566505746223779,True,True
ZEC/USDT,2025-05-22,45.86,48.97,win,0.10000000000000012,True,True
WLD/USDT,2025-05-22,1.362,1.514,loss,-0.14537648612945836,True,True
EUR/USDT,2025-05-26,1.1375,1.1385,timeout,0.01361440491875261,True,False
EUR/USDT,2025-06-02,1.1407,1.1447,timeout,0.004367956669869741,True,True
TRX/USDT,2025-06-05,0.2797,0.282,loss,-0.05774822695035459,True,True
UNI/USDT,2025-06-10,7.701,8.665,loss,-0.15568955568378537,True,True
ETH/USDT,2025-06-10,2788.0,2816.4,loss,-0.05957960516972027,True,True
EUR/USDT,2025-06-11,1.1486,1.1506,timeout,0.02546497479575863,True,False
EUR/USDT,2025-06-25,1.1627,1.1677,timeout,-0.005480859809882642,True,True
ZEC/USDT,2025-07-08,43.3,43.7,loss,-0.05869565217391315,False,True
UNI/USDT,2025-07-09,7.863,8.301,win,0.10000000000000019,True,True
XRP/USDT,2025-07-09,2.3271,2.4038,win,0.10000000000000002,True,True
BTC/USDT,2025-07-09,110529.18,111233.99,win,0.10000000000000003,True,True
XLM/USDT,2025-07-09,0.2851,0.2883,win,0.10000000000000007,False,True
ETH/USDT,2025-07-09,2635.5,2768.74,win,0.1000000000000001,True,True
WLD/USDT,2025-07-10,0.984,1.068,win,0.1,False,True
BNB/USDT,2025-07-10,674.8,685.8,win,0.10000000000000006,True,True
SOL/USDT,2025-07-10,159.99,164.34,win,0.10000000000000016,False,True
NEAR/USDT,2025-07-10,2.363,2.515,win,0.10000000000000002,False,True
ENA/USDT,2025-07-10,0.2875,0.3175,win,0.10000000000000017,False,True
TRX/USDT,2025-07-11,0.2953,0.3009,win,0.10000000000000002,True,True
ENA/USDT,2025-07-18,0.39,0.3901,win,0.10000000000000012,True,True
TAO/USDT,2025-07-21,443.3,446.4,loss,-0.056597222222222195,True,True
ETH/USDT,2025-07-27,3860.0,3872.1,loss,-0.052968673329717705,True,False
TRX/USDT,2025-07-29,0.3344,0.3385,timeout,0.03485967503692755,True,True
ETH/USDT,2025-08-08,3941.0,4009.5,win,0.10000000000000019,True,True
ENA/USDT,2025-08-09,0.7,0.7363,win,0.10000000000000012,True,False
UNI/USDT,2025-08-12,11.192,11.601,loss,-0.08349280234462549,True,True
TRX/USDT,2025-08-12,0.351,0.3524,loss,-0.05377412031782072,True,False
BTC/USDT,2025-08-13,123218.0,123306.43,loss,-0.0506812986151655,True,True
ZEC/USDT,2025-08-21,41.2,42.56,loss,-0.08035714285714289,False,True
ETH/USDT,2025-08-22,4788.0,4832.07,loss,-0.058664299151295465,True,True
BNB/USDT,2025-08-22,869.4,900.21,timeout,0.002843780895568751,True,True
SOL/USDT,2025-08-28,209.86,214.43,loss,-0.07024670055495974,True,True
ZEC/USDT,2025-09-06,46.8,47.46,win,0.10000000000000005,True,True
WLD/USDT,2025-09-08,1.141,1.571,win,0.10000000000000016,False,True
ENA/USDT,2025-09-08,0.7746,0.7816,win,0.10000000000000016,True,True
SOL/USDT,2025-09-10,218.0,224.07,win,0.10000000000000005,True,False
BNB/USDT,2025-09-11,900.71,902.77,win,0.10000000000000005,True,False
NEAR/USDT,2025-09-12,2.788,2.792,loss,-0.051361031518624714,True,True
EUR/USDT,2025-09-16,1.1804,1.1866,timeout,-0.011039946064385733,True,False
ZEC/USDT,2025-09-24,55.59,58.73,win,0.1000000000000002,True,True
BTC/USDT,2025-10-01,117900.0,118594.99,loss,-0.05556718711304757,True,True
BNB/USDT,2025-10-02,1083.47,1090.22,win,0.10000000000000014,True,True
TAO/USDT,2025-10-12,372.9,383.4,win,0.10000000000000009,False,True
ZEC/USDT,2025-10-26,298.05,325.24,win,0.10000000000000017,True,True
ENA/USDT,2025-10-26,0.5077,0.5096,loss,-0.053541993720565256,False,False
TAO/USDT,2025-10-31,479.0,481.0,win,0.10000000000000005,True,True
ASTER/USDT,2025-11-02,1.22,1.227,loss,-0.05541972290138554,False,True
NEAR/USDT,2025-11-07,2.419,2.768,win,0.10000000000000006,False,True
UNI/USDT,2025-11-10,6.888,9.347,win,0.10000000000000013,False,True
ASTER/USDT,2025-11-18,1.285,1.381,loss,-0.11603910209992775,False,True
EUR/USDT,2025-12-10,1.1676,1.1695,timeout,0.005557930739632279,True,True
ZEC/USDT,2025-12-27,457.79,516.1,loss,-0.15733288122456887,True,True
ETH/USDT,2026-01-02,3077.39,3125.45,loss,-0.06460813642835438,False,True
BTC/USDT,2026-01-03,90588.23,90628.01,timeout,-0.011340313000362692,False,False
TRX/USDT,2026-01-03,0.2891,0.2956,timeout,0.007780784844384386,False,True
XLM/USDT,2026-01-04,0.2263,0.233,loss,-0.07731759656652373,False,True
XRP/USDT,2026-01-05,2.2868,2.3478,loss,-0.07468268165942578,False,True
BNB/USDT,2026-01-13,923.93,943.73,loss,-0.06993154821824048,False,True
BTC/USDT,2026-01-13,94789.08,95414.0,loss,-0.05622208480935708,False,True
ETH/USDT,2026-01-13,3308.86,3325.82,loss,-0.05484451954705914,False,True
NEAR/USDT,2026-01-13,1.841,1.859,loss,-0.05919849381387854,False,True
SOL/USDT,2026-01-13,143.48,145.51,loss,-0.06325338464710335,False,True
EUR/USDT,2026-01-20,1.1709,1.1741,timeout,0.014053317434630936,False,True
ASTER/USDT,2026-02-12,0.711,0.715,loss,-0.05531468531468543,False,False
NEAR/USDT,2026-02-25,1.102,1.172,loss,-0.10674061433447099,False,True
XPL/USDT,2026-03-03,0.1154,0.1157,loss,-0.052463267070008694,False,True
BNB/USDT,2026-03-04,642.49,657.99,loss,-0.07237875955561636,False,True
BTC/USDT,2026-03-04,70983.0,72666.77,loss,-0.07201255814727987,False,True
TRX/USDT,2026-03-11,0.2912,0.2913,win,0.10000000000000016,False,True
TAO/USDT,2026-03-12,215.6,217.9,win,0.10000000000000009,False,True
BNB/USDT,2026-03-15,666.16,673.77,loss,-0.0607299226739095,False,False
XRP/USDT,2026-03-16,1.4732,1.543,loss,-0.09297472456254045,False,True
ZEC/USDT,2026-03-16,251.42,276.87,loss,-0.13732437606096728,False,True
UNI/USDT,2026-03-16,4.095,4.157,loss,-0.0641688717825356,False,True
NEAR/USDT,2026-03-16,1.455,1.49,loss,-0.07231543624161074,False,True
ETH/USDT,2026-03-16,2199.0,2352.97,loss,-0.11216462598333174,False,True
BTC/USDT,2026-03-16,74050.0,74884.67,loss,-0.060588769370286316,False,True
XLM/USDT,2026-03-16,0.1694,0.176,loss,-0.085625,False,True
SOL/USDT,2026-03-16,94.05,96.2,loss,-0.07123180873180879,False,True
RLUSD/USDT,2026-03-24,1.0003,1.0004,timeout,-0.0005997600959615493,False,True
TRX/USDT,2026-03-29,0.319,0.322,timeout,0.02329192546583853,True,True
XPL/USDT,2026-04-01,0.1029,0.1061,win,0.10000000000000007,False,True
EUR/USDT,2026-04-07,1.1627,1.1687,timeout,0.0029092153675022224,False,True
ZEC/USDT,2026-04-07,290.31,320.78,win,0.1000000000000001,False,True
ETH/USDT,2026-04-07,2199.02,2240.01,win,0.10000000000000007,False,True
BTC/USDT,2026-04-10,72026.09,72962.7,timeout,0.046378080855012355,False,False
TRX/USDT,2026-04-15,0.3246,0.3272,timeout,0.053789731051344755,True,True
BNB/USDT,2026-04-16,624.85,635.77,timeout,0.01882756342702554,False,True
ENA/USDT,2026-04-16,0.1099,0.1136,win,0.10000000000000007,False,True
XRP/USDT,2026-04-16,1.3962,1.453,timeout,-0.019339298004129396,False,True
SOL/USDT,2026-04-16,87.02,89.05,loss,-0.07165637282425603,False,True
ZEC/USDT,2026-05-01,367.18,384.97,win,0.10000000000000003,True,True
TRX/USDT,2026-05-03,0.3366,0.3385,timeout,0.07208271787296891,True,True
BTC/USDT,2026-05-04,79485.66,79861.01,loss,-0.05446503869660554,True,True
NEAR/USDT,2026-05-06,1.433,1.487,win,0.10000000000000003,False,True
SOL/USDT,2026-05-08,90.73,92.01,loss,-0.06321595478752315,False,True
UNI/USDT,2026-05-08,3.582,3.712,win,0.1000000000000001,False,True
BNB/USDT,2026-05-10,654.19,663.55,timeout,0.08317383769120648,False,True
ASTER/USDT,2026-05-10,0.701,0.71,loss,-0.062042253521126814,False,True
RLUSD/USDT,2026-05-18,1.0005,1.0007,timeout,-0.000299790146897139,True,True
ZEC/USDT,2026-05-20,643.0,673.54,loss,-0.09307539270125002,True,True
NEAR/USDT,2026-05-20,1.692,1.703,win,0.10000000000000006,True,True
WLD/USDT,2026-05-23,0.2956,0.2999,win,0.10000000000000006,False,True
XLM/USDT,2026-05-28,0.1739,0.2038,win,0.10000000000000005,False,True
BNB/USDT,2026-05-30,689.98,718.74,loss,-0.08801374627820911,True,True
WLD/USDT,2026-06-01,0.4144,0.4377,loss,-0.10057116746630114,True,True
ENA/USDT,2026-06-03,0.1104,0.112,loss,-0.06357142857142871,False,True
WLD/USDT,2026-06-16,0.6317,0.6751,timeout,-0.024292697378166316,True,True
XPL/USDT,2026-06-17,0.1027,0.1127,timeout,0.0,False,True
