symbol,entry_date,entry_price,entry_atr_pct,exit_date,exit_price,reason,gross_ret_pct,net_ret_pct,bars_held
BTC/USDT,2018-09-20,6492.0,3.525074817357627,2018-09-21,6686.76,take_profit,3.0000000000000036,2.8000000000000034,1
BTC/USDT,2018-10-16,6759.27,3.4928750759010536,2018-10-26,6538.63,time_stop,-3.2642578266588007,-3.464257826658801,10
BTC/USDT,2018-12-02,4161.01,10.954019748639324,2018-12-07,3477.313214285715,stop_loss,-16.431029622958977,-16.631029622958977,5
BTC/USDT,2018-12-09,3545.37,9.447815037640643,2018-12-18,3651.7311,take_profit,3.000000000000002,2.800000000000002,9
BTC/USDT,2019-01-25,3565.29,3.3552670329762795,2019-01-28,3385.8525,stop_loss,-5.0329005494644194,-5.23290054946442,3
BTC/USDT,2019-02-02,3504.77,3.078355661406761,2019-02-08,3609.9131,take_profit,3.0000000000000067,2.8000000000000065,6
BTC/USDT,2019-03-10,3916.82,2.648321852931713,2019-03-16,4034.3246000000004,take_profit,3.000000000000005,2.8000000000000047,6
BTC/USDT,2019-03-16,4005.98,2.5095696219865573,2019-03-26,3948.55,time_stop,-1.43360675789694,-1.63360675789694,10
BTC/USDT,2019-05-04,5829.45,3.669569415394494,2019-05-07,6004.3335,take_profit,2.9999999999999987,2.7999999999999985,3
BTC/USDT,2019-05-26,8614.43,7.226421248997321,2019-05-27,8872.8629,take_profit,2.9999999999999973,2.799999999999997,1
BTC/USDT,2019-06-15,8808.7,4.745892453726755,2019-06-16,9072.961000000001,take_profit,3.0000000000000044,2.8000000000000043,1
BTC/USDT,2019-08-02,10523.75,4.7197665145164835,2019-08-03,10839.4625,take_profit,2.9999999999999964,2.7999999999999963,1
BTC/USDT,2019-09-03,10615.28,4.624533152749082,2019-09-13,10342.06,time_stop,-2.5738369595526556,-2.7738369595526557,10
BTC/USDT,2019-10-08,8168.39,4.675707207907555,2019-10-09,8413.441700000001,take_profit,3.0000000000000107,2.8000000000000105,1
BTC/USDT,2019-10-25,8655.02,4.289566715534536,2019-10-26,8914.670600000001,take_profit,3.0000000000000098,2.8000000000000096,1
BTC/USDT,2019-12-01,7390.89,6.461071863952977,2019-12-04,7612.6167000000005,take_profit,3.0000000000000018,2.8000000000000016,3
BTC/USDT,2019-12-18,7277.83,4.143591859504432,2019-12-22,7496.1649,take_profit,2.999999999999998,2.7999999999999976,4
BTC/USDT,2020-01-28,9374.21,3.7066437750868744,2020-02-05,9655.4363,take_profit,3.000000000000003,2.800000000000003,8
BTC/USDT,2020-02-05,9612.04,3.623023089494308,2020-02-08,9900.401200000002,take_profit,3.000000000000012,2.800000000000012,3
BTC/USDT,2020-06-01,10200.77,4.495676026697704,2020-06-02,9512.879642857142,stop_loss,-6.743514040046566,-6.9435140400465665,1
BTC/USDT,2020-07-07,9257.39,2.7187082813992753,2020-07-17,9154.32,time_stop,-1.113380769309705,-1.313380769309705,10
BTC/USDT,2020-09-15,10785.31,5.090713996299464,2020-09-19,11108.8693,take_profit,3.0000000000000075,2.8000000000000074,4
BTC/USDT,2020-12-16,21335.52,3.910236477546765,2020-12-17,21975.585600000002,take_profit,3.000000000000008,2.800000000000008,1
BTC/USDT,2021-02-03,37618.87,8.588497512779398,2021-02-06,38747.436100000006,take_profit,3.0000000000000098,2.8000000000000096,3
BTC/USDT,2021-03-09,54884.5,6.766024235309735,2021-03-10,56531.035,take_profit,3.0000000000000067,2.8000000000000065,1
BTC/USDT,2021-04-01,58720.44,5.271015631743516,2021-04-10,60482.0532,take_profit,2.9999999999999996,2.7999999999999994,9
BTC/USDT,2021-04-05,59129.99,4.764044921560593,2021-04-10,60903.8897,take_profit,3.000000000000003,2.800000000000003,5
BTC/USDT,2021-04-11,60002.43,4.023068018126219,2021-04-13,61802.5029,take_profit,2.9999999999999987,2.7999999999999985,2
BTC/USDT,2021-04-30,57694.27,7.0367807508688225,2021-05-08,59425.098099999996,take_profit,2.9999999999999982,2.799999999999998,8
BTC/USDT,2021-06-28,34494.89,8.319012716707562,2021-06-29,35529.7367,take_profit,3.0000000000000053,2.800000000000005,1
BTC/USDT,2021-07-22,32287.83,4.8917126271504054,2021-07-23,33256.4649,take_profit,2.9999999999999916,2.7999999999999914,1
BTC/USDT,2021-08-21,48821.87,4.941269148436962,2021-08-23,50286.5261,take_profit,3.0000000000000004,2.8000000000000003,2
BTC/USDT,2021-09-06,52663.9,3.977507769621533,2021-09-07,49521.833928571425,stop_loss,-5.966261654432309,-6.166261654432309,1
BTC/USDT,2021-10-01,48141.61,6.017639566746048,2021-10-05,49585.8583,take_profit,2.9999999999999987,2.7999999999999985,4
BTC/USDT,2021-11-09,66947.66,4.214062789605235,2021-11-10,68956.0898,take_profit,2.9999999999999973,2.799999999999997,1
BTC/USDT,2021-12-19,46681.23,5.821192555796594,2021-12-21,48081.666900000004,take_profit,3.000000000000001,2.8000000000000007,2
BTC/USDT,2022-01-14,43059.96,4.827804564346353,2022-01-21,39941.68392857143,stop_loss,-7.2417068465195245,-7.441706846519525,7
BTC/USDT,2022-01-29,38166.84,6.159808581780117,2022-02-04,39311.845199999996,take_profit,2.999999999999999,2.799999999999999,6
BTC/USDT,2022-02-28,43160.0,6.236339864954322,2022-03-01,44454.8,take_profit,3.0000000000000067,2.8000000000000065,1
BTC/USDT,2022-03-16,41114.0,5.5634264310384385,2022-03-19,42347.42,take_profit,2.9999999999999956,2.7999999999999954,3
BTC/USDT,2022-05-04,39690.0,4.319722492171469,2022-05-05,37118.253214285716,stop_loss,-6.479583738257203,-6.679583738257203,1
BTC/USDT,2022-05-20,29201.01,8.26342259100921,2022-05-22,30077.0403,take_profit,3.0000000000000075,2.8000000000000074,2
BTC/USDT,2022-06-25,21491.19,9.604583486136812,2022-07-05,20175.83,time_stop,-6.1204614542051745,-6.320461454205175,10
BTC/USDT,2022-08-08,23810.0,4.117345653086939,2022-08-11,24524.3,take_profit,2.9999999999999973,2.799999999999997,3
BTC/USDT,2022-09-09,21360.11,3.9132389433253985,2022-09-12,22000.9133,take_profit,2.999999999999998,2.7999999999999976,3
BTC/USDT,2022-09-28,19412.82,4.997754061491324,2022-09-30,19995.2046,take_profit,3.0000000000000067,2.8000000000000065,2
BTC/USDT,2022-10-13,19375.13,3.208413495621891,2022-10-23,19570.4,time_stop,1.0078383990197766,0.8078383990197766,10
BTC/USDT,2022-10-16,19262.98,3.1033619927965446,2022-10-25,19840.8694,take_profit,3.0000000000000004,2.8000000000000003,9
BTC/USDT,2022-11-24,16598.95,3.982455000380831,2022-11-30,17096.9185,take_profit,2.999999999999994,2.7999999999999936,6
BTC/USDT,2022-12-26,16919.39,2.5288145731022253,2023-01-05,16831.85,time_stop,-0.5173945396376635,-0.7173945396376635,10
BTC/USDT,2023-02-17,24569.97,3.66632810005757,2023-02-24,23218.746428571427,stop_loss,-5.499492150086363,-5.699492150086363,7
BTC/USDT,2023-03-14,24670.41,4.633404957599001,2023-03-17,25410.5223,take_profit,3.0000000000000027,2.8000000000000025,3
BTC/USDT,2023-04-11,30200.42,3.0200502414961687,2023-04-19,28832.31821428571,stop_loss,-4.530075362244257,-4.730075362244257,8
BTC/USDT,2023-05-27,26854.27,2.579741375526925,2023-05-28,27659.898100000002,take_profit,3.0000000000000067,2.8000000000000065,1
BTC/USDT,2023-06-06,27230.08,3.3987308992744167,2023-06-10,25841.864285714284,stop_loss,-5.098096348911636,-5.298096348911637,4
BTC/USDT,2023-06-17,26516.99,3.7282781449068803,2023-06-20,27312.499700000004,take_profit,3.0000000000000084,2.8000000000000083,3
BTC/USDT,2023-08-29,27716.34,3.2691081970315783,2023-08-31,26357.224285714285,stop_loss,-4.903662295547376,-5.103662295547376,2
BTC/USDT,2023-10-16,28500.78,2.54382010397109,2023-10-20,29355.8034,take_profit,3.0000000000000067,2.8000000000000065,4
BTC/USDT,2023-11-10,37301.63,2.8916507325359704,2023-11-14,35683.68071428571,stop_loss,-4.337476098803968,-4.537476098803968,4
BTC/USDT,2023-12-02,39450.35,2.823677646169715,2023-12-04,40633.8605,take_profit,3.00000000000001,2.80000000000001,2
BTC/USDT,2024-01-08,46951.04,4.141563515647668,2024-01-11,48359.571200000006,take_profit,3.00000000000001,2.80000000000001,3
BTC/USDT,2024-01-29,43302.7,3.161528363952231,2024-02-08,44601.780999999995,take_profit,2.9999999999999964,2.7999999999999963,10
BTC/USDT,2024-02-27,57037.34,2.9990391256975575,2024-02-28,58748.4602,take_profit,3.0000000000000084,2.8000000000000083,1
BTC/USDT,2024-05-05,64012.0,4.252911284491303,2024-05-15,65932.36,take_profit,3.000000000000001,2.8000000000000007,10
BTC/USDT,2024-05-12,61483.99,4.51130797278632,2024-05-13,63328.5097,take_profit,3.000000000000007,2.800000000000007,1
BTC/USDT,2024-06-05,71108.0,2.863524497946783,2024-06-11,68053.7075,stop_loss,-4.295286746920172,-4.495286746920172,6
BTC/USDT,2024-07-12,57889.1,4.290064969052898,2024-07-13,59625.773,take_profit,3.0000000000000044,2.8000000000000043,1
BTC/USDT,2024-08-19,59438.5,5.050241606270104,2024-08-20,61221.655,take_profit,2.9999999999999982,2.799999999999998,1
BTC/USDT,2024-09-12,58132.32,3.8375099624934474,2024-09-13,59876.289600000004,take_profit,3.0000000000000067,2.8000000000000065,1
BTC/USDT,2024-10-14,66083.99,3.220707682537241,2024-10-16,68066.50970000001,take_profit,3.0000000000000067,2.8000000000000065,2
BTC/USDT,2024-10-28,69962.21,2.7202685564106694,2024-10-29,72061.07630000002,take_profit,3.0000000000000124,2.8000000000000123,1
BTC/USDT,2024-11-06,75571.99,3.5450700715966343,2024-11-10,77839.14970000001,take_profit,3.000000000000005,2.8000000000000047,4
BTC/USDT,2024-12-16,106058.66,4.355710186365599,2024-12-19,99129.24821428572,stop_loss,-6.533565279548398,-6.733565279548398,3
BTC/USDT,2025-01-05,98363.61,3.175864529575522,2025-01-06,101314.5183,take_profit,2.9999999999999956,2.7999999999999954,1
BTC/USDT,2025-01-15,100497.35,3.530668790200512,2025-01-17,103512.27050000001,take_profit,3.000000000000007,2.800000000000007,2
BTC/USDT,2025-02-20,98305.0,2.6348332812602187,2025-02-24,94419.74071428571,stop_loss,-3.9522499218903295,-4.15224992189033,4
BTC/USDT,2025-03-06,89931.89,6.063815151031044,2025-03-09,81751.93464285714,stop_loss,-9.095722726546562,-9.295722726546561,3
BTC/USDT,2025-03-15,84338.44,6.6656505791258605,2025-03-19,86868.5932,take_profit,3.0000000000000004,2.8000000000000003,4
BTC/USDT,2025-04-11,83423.84,5.247678601224784,2025-04-13,85926.5552,take_profit,3.000000000000007,2.800000000000007,2
BTC/USDT,2025-05-18,106454.26,2.6569821764631256,2025-05-19,102211.55392857143,stop_loss,-3.9854732646946793,-4.1854732646946795,1
BTC/USDT,2025-05-21,109643.99,2.955273699908222,2025-05-30,104783.57,stop_loss,-4.43291054986233,-4.63291054986233,9
BTC/USDT,2025-06-10,110274.39,2.5488083471990715,2025-06-12,106058.36571428571,stop_loss,-3.8232125207986076,-4.023212520798608,2
BTC/USDT,2025-06-26,106947.06,2.906033268102127,2025-07-03,110155.4718,take_profit,3.0000000000000018,2.8000000000000016,7
BTC/USDT,2025-07-22,119954.42,2.8144273466538383,2025-07-25,114890.375,stop_loss,-4.221641019980755,-4.421641019980755,3
BTC/USDT,2025-09-06,110187.97,2.695554177621592,2025-09-10,113493.6091,take_profit,3.0000000000000004,2.8000000000000003,4
BTC/USDT,2025-10-26,114559.4,3.1881227430610566,2025-10-30,109080.95857142856,stop_loss,-4.782184114591583,-4.9821841145915835,4
BTC/USDT,2025-11-27,91333.95,4.50913300663585,2025-12-01,85156.39607142856,stop_loss,-6.763699509953783,-6.963699509953783,4
BTC/USDT,2025-12-20,88360.9,3.961977849608013,2025-12-30,88485.49,time_stop,0.1410012799779213,-0.058998720022078704,10
BTC/USDT,2026-02-15,68832.58,7.028205248154289,2026-02-25,67988.04,time_stop,-1.2269480527971028,-1.4269480527971028,10
BTC/USDT,2026-03-25,71336.53,3.593506520632353,2026-03-27,67491.30571428571,stop_loss,-5.390259780948533,-5.590259780948533,2
BTC/USDT,2026-04-06,68853.66,3.172509016119944,2026-04-07,70919.26980000001,take_profit,3.000000000000008,2.800000000000008,1
ETH/USDT,2018-09-15,221.29,10.297411928755412,2018-09-21,227.9287,take_profit,3.0000000000000004,2.8000000000000003,6
ETH/USDT,2018-10-17,212.85,5.872344709554012,2018-10-27,204.45,time_stop,-3.946441155743484,-4.146441155743484,10
ETH/USDT,2018-12-09,93.26,11.75898409975185,2018-12-17,96.05780000000001,take_profit,3.0000000000000098,2.8000000000000096,8
ETH/USDT,2019-02-08,119.25,5.026654687032049,2019-02-10,122.8275,take_profit,3.0000000000000004,2.8000000000000003,2
ETH/USDT,2019-03-19,138.55,3.8578130638758563,2019-03-29,142.7065,take_profit,2.9999999999999956,2.7999999999999954,10
ETH/USDT,2019-03-29,143.25,3.117925704313139,2019-04-02,147.5475,take_profit,3.0000000000000098,2.8000000000000096,4
ETH/USDT,2019-05-06,173.0,5.433113129644925,2019-05-07,178.19,take_profit,2.9999999999999987,2.7999999999999985,1
ETH/USDT,2019-06-17,273.16,5.013283685124363,2019-06-21,281.3548,take_profit,2.9999999999999947,2.7999999999999945,4
ETH/USDT,2019-07-30,209.58,7.128883617575286,2019-07-31,215.86740000000003,take_profit,3.0000000000000093,2.800000000000009,1
ETH/USDT,2019-08-20,196.6,5.912658043888971,2019-08-28,179.16357142857143,stop_loss,-8.868987065833451,-9.06898706583345,8
ETH/USDT,2019-08-22,190.35,6.3589628128635205,2019-08-23,196.0605,take_profit,2.9999999999999982,2.799999999999998,1
ETH/USDT,2019-09-03,178.75,5.613186813186809,2019-09-08,184.1125,take_profit,3.0000000000000067,2.8000000000000065,5
ETH/USDT,2019-10-08,180.6,6.194035753836415,2019-10-09,186.018,take_profit,3.0000000000000036,2.8000000000000034,1
ETH/USDT,2019-10-26,179.49,5.9486003995447385,2019-10-27,184.87470000000002,take_profit,3.000000000000005,2.8000000000000047,1
ETH/USDT,2019-12-06,148.45,5.585334167348314,2019-12-16,136.01285714285714,stop_loss,-8.378001251022463,-8.578001251022462,10
ETH/USDT,2019-12-26,125.58,5.884695015129796,2019-12-28,129.3474,take_profit,2.999999999999996,2.799999999999996,2
ETH/USDT,2020-01-28,175.64,5.299801542115365,2020-01-30,180.9092,take_profit,3.000000000000007,2.800000000000007,2
ETH/USDT,2020-05-19,214.58,5.82333595195931,2020-05-21,195.83642857142857,stop_loss,-8.735003927938969,-8.935003927938968,2
ETH/USDT,2020-05-28,220.21,4.890786067844329,2020-05-30,226.8163,take_profit,3.0000000000000018,2.8000000000000016,2
ETH/USDT,2020-07-06,241.6,3.711270104068117,2020-07-08,248.848,take_profit,3.000000000000008,2.800000000000008,2
ETH/USDT,2020-07-21,245.59,2.830501474583072,2020-07-22,252.95770000000002,take_profit,3.0000000000000053,2.800000000000005,1
ETH/USDT,2020-08-14,438.11,7.413500197275962,2020-08-21,389.3910714285714,stop_loss,-11.120250295913946,-11.320250295913945,7
ETH/USDT,2020-09-01,475.4,5.446992006731175,2020-09-02,436.55749999999995,stop_loss,-8.170488010096767,-8.370488010096766,1
ETH/USDT,2020-09-17,389.36,8.78015938242977,2020-09-21,338.0803571428572,stop_loss,-13.170239073644643,-13.370239073644642,4
ETH/USDT,2020-09-29,359.79,5.884186410326659,2020-10-09,365.02,time_stop,1.4536257261180023,1.2536257261180024,10
ETH/USDT,2020-10-08,350.95,4.096839191582033,2020-10-09,361.4785,take_profit,3.000000000000002,2.800000000000002,1
ETH/USDT,2020-11-05,416.69,4.859727855240107,2020-11-06,429.1907,take_profit,2.9999999999999987,2.7999999999999985,1
ETH/USDT,2020-11-29,576.3,7.882179420440743,2020-11-30,593.5889999999999,take_profit,2.9999999999999982,2.799999999999998,1
ETH/USDT,2020-12-17,642.7,5.413767809909087,2020-12-18,661.9810000000001,take_profit,3.0000000000000098,2.8000000000000096,1
ETH/USDT,2020-12-27,685.11,6.70090517268343,2020-12-28,705.6633,take_profit,3.000000000000005,2.8000000000000047,1
ETH/USDT,2021-02-03,1664.49,9.454204333716978,2021-02-05,1714.4247,take_profit,3.0000000000000013,2.800000000000001,2
ETH/USDT,2021-02-19,1955.0,6.530215564486664,2021-02-20,2013.65,take_profit,3.000000000000005,2.8000000000000047,1
ETH/USDT,2021-03-08,1833.18,9.553578247323543,2021-03-13,1888.1754,take_profit,3.000000000000001,2.8000000000000007,5
ETH/USDT,2021-03-30,1840.46,5.490436397111902,2021-03-31,1895.6738,take_profit,2.9999999999999996,2.7999999999999994,1
ETH/USDT,2021-04-27,2666.13,9.109752980644496,2021-04-28,2746.1139000000003,take_profit,3.0000000000000067,2.8000000000000065,1
ETH/USDT,2021-06-14,2580.77,8.801000144475154,2021-06-18,2240.0696428571428,stop_loss,-13.201500216712732,-13.401500216712732,4
ETH/USDT,2021-06-29,2165.33,9.640232996488164,2021-06-30,2230.2898999999998,take_profit,2.9999999999999925,2.7999999999999923,1
ETH/USDT,2021-07-22,2024.56,6.720754844791675,2021-07-23,2085.2968,take_profit,3.0000000000000067,2.8000000000000065,1
ETH/USDT,2021-09-01,3826.82,5.047999569952523,2021-09-03,3941.6246,take_profit,2.9999999999999982,2.799999999999998,2
ETH/USDT,2021-10-01,3309.91,8.341055453816832,2021-10-02,3409.2073,take_profit,3.0000000000000053,2.800000000000005,1
ETH/USDT,2021-11-30,4630.26,6.561063217060938,2021-12-01,4769.1678,take_profit,2.9999999999999987,2.7999999999999985,1
ETH/USDT,2021-12-22,3979.51,6.631685092601135,2021-12-23,4098.8953,take_profit,2.999999999999998,2.7999999999999976,1
ETH/USDT,2022-01-15,3326.04,6.563210304145471,2022-01-20,2998.5975,stop_loss,-9.844815456218209,-10.044815456218208,5
ETH/USDT,2022-01-30,2601.68,9.50116847575413,2022-01-31,2679.7304,take_profit,3.0000000000000036,2.8000000000000034,1
ETH/USDT,2022-02-28,2920.95,8.105215279764655,2022-03-01,3008.5785,take_profit,3.000000000000009,2.8000000000000087,1
ETH/USDT,2022-03-16,2773.81,5.692608464788245,2022-03-18,2857.0243,take_profit,3.0000000000000036,2.8000000000000034,2
ETH/USDT,2022-05-22,2043.19,9.795851445184105,2022-05-26,1742.9682142857143,stop_loss,-14.69377716777616,-14.89377716777616,4
ETH/USDT,2022-08-08,1777.05,6.296912620032397,2022-08-10,1830.3615,take_profit,3.0000000000000013,2.800000000000001,2
ETH/USDT,2022-08-10,1853.57,6.1509103282545885,2022-08-11,1909.1770999999999,take_profit,2.9999999999999973,2.799999999999997,1
ETH/USDT,2022-09-07,1630.0,6.430148992112185,2022-09-09,1678.9,take_profit,3.0000000000000053,2.800000000000005,2
ETH/USDT,2022-09-30,1328.72,6.9412667830694215,2022-10-04,1368.5816,take_profit,2.9999999999999964,2.7999999999999963,4
ETH/USDT,2022-11-26,1205.6,5.093670016115272,2022-11-30,1241.768,take_profit,3.00000000000001,2.80000000000001,4
ETH/USDT,2022-12-25,1218.51,3.9462716174437897,2023-01-04,1255.0653,take_profit,2.999999999999999,2.799999999999999,10
ETH/USDT,2023-02-17,1693.87,4.550062452085628,2023-02-24,1578.2617857142857,stop_loss,-6.825093678128441,-7.025093678128441,7
ETH/USDT,2023-03-13,1673.45,4.402666860164842,2023-03-14,1723.6535000000001,take_profit,3.0000000000000044,2.8000000000000043,1
ETH/USDT,2023-04-10,1910.2,3.2604289752755875,2023-04-13,1967.506,take_profit,3.0000000000000018,2.8000000000000016,3
ETH/USDT,2023-05-23,1854.05,2.710090265711744,2023-05-24,1778.680357142857,stop_loss,-4.065135398567619,-4.265135398567619,1
ETH/USDT,2023-06-20,1791.99,3.485749681319969,2023-06-21,1845.7497,take_profit,3.0000000000000036,2.8000000000000034,1
ETH/USDT,2023-07-13,2004.49,3.046090099155966,2023-07-14,1912.902142857143,stop_loss,-4.569135148733944,-4.769135148733945,1
ETH/USDT,2023-08-29,1729.42,3.685050479351458,2023-08-31,1633.825,stop_loss,-5.5275757190271895,-5.72757571902719,2
ETH/USDT,2023-09-13,1607.62,2.8555966495280494,2023-09-18,1655.8486,take_profit,3.000000000000009,2.8000000000000087,5
ETH/USDT,2023-10-20,1603.89,2.6691801984995425,2023-10-22,1652.0067000000001,take_profit,3.0000000000000018,2.8000000000000016,2
ETH/USDT,2023-12-03,2192.95,3.3865666926156197,2023-12-04,2258.7385,take_profit,3.0000000000000053,2.800000000000005,1
ETH/USDT,2023-12-28,2344.15,4.145791499203184,2024-01-02,2414.4745000000003,take_profit,3.000000000000007,2.800000000000007,5
ETH/USDT,2024-01-02,2355.34,4.033782201902305,2024-01-03,2212.8260714285716,stop_loss,-6.050673302853453,-6.250673302853453,1
ETH/USDT,2024-01-10,2584.38,4.790565960556441,2024-01-11,2661.9114,take_profit,2.999999999999994,2.7999999999999936,1
ETH/USDT,2024-02-06,2372.64,2.8825033958556077,2024-02-07,2443.8192,take_profit,3.0000000000000018,2.8000000000000016,1
ETH/USDT,2024-04-08,3694.61,4.666547058707531,2024-04-10,3435.9939285714286,stop_loss,-6.999820588061299,-7.199820588061299,2
ETH/USDT,2024-04-23,3219.46,6.4985831696708685,2024-04-28,3316.0438,take_profit,2.9999999999999964,2.7999999999999963,5
ETH/USDT,2024-05-04,3117.23,4.748836077451545,2024-05-06,3210.7469,take_profit,3.000000000000002,2.800000000000002,2
ETH/USDT,2024-05-15,3032.55,3.956995173792915,2024-05-18,3123.5265000000004,take_profit,3.0000000000000067,2.8000000000000065,3
ETH/USDT,2024-07-13,3175.93,4.877266546446911,2024-07-15,3271.2079,take_profit,3.0000000000000018,2.8000000000000016,2
ETH/USDT,2024-08-14,2661.45,8.511606186745679,2024-08-23,2741.2934999999998,take_profit,2.9999999999999982,2.799999999999998,9
ETH/USDT,2024-09-02,2538.01,4.789691811413554,2024-09-04,2355.6657142857143,stop_loss,-7.184537717120337,-7.384537717120337,2
ETH/USDT,2024-09-11,2340.55,5.17280736823152,2024-09-13,2410.7665,take_profit,2.9999999999999996,2.7999999999999994,2
ETH/USDT,2024-10-14,2629.79,4.014714917486622,2024-10-20,2708.6837,take_profit,3.000000000000003,2.800000000000003,6
ETH/USDT,2024-10-30,2659.19,3.782408499258367,2024-10-31,2508.3178571428575,stop_loss,-5.673612748887538,-5.873612748887538,1
ETH/USDT,2024-11-07,2895.47,4.649701578179511,2024-11-09,2982.3341,take_profit,3.000000000000008,2.800000000000008,2
ETH/USDT,2024-11-21,3355.81,5.5945615855145885,2024-11-23,3456.4843,take_profit,3.000000000000004,2.800000000000004,2
ETH/USDT,2025-01-03,3609.01,4.3847006717710855,2025-01-06,3717.2803000000004,take_profit,3.0000000000000036,2.8000000000000034,3
ETH/USDT,2025-01-17,3473.63,5.394274659567739,2025-01-19,3192.5642857142857,stop_loss,-8.091411989351613,-8.291411989351612,2
ETH/USDT,2025-01-21,3327.54,6.4913033137306915,2025-01-24,3427.3662,take_profit,2.999999999999999,2.799999999999999,3
ETH/USDT,2025-01-31,3300.99,5.828684295144354,2025-02-02,3012.3835714285715,stop_loss,-8.743026442716529,-8.943026442716528,2
ETH/USDT,2025-02-14,2725.95,8.747461566478789,2025-02-17,2807.7284999999997,take_profit,2.9999999999999964,2.7999999999999963,3
ETH/USDT,2025-03-17,1926.31,7.6855305146701625,2025-03-19,1984.0993,take_profit,3.000000000000007,2.800000000000007,2
ETH/USDT,2025-04-14,1623.77,9.24787905394765,2025-04-22,1672.4831,take_profit,2.9999999999999964,2.7999999999999963,8
ETH/USDT,2025-06-11,2771.61,4.766260146887293,2025-06-13,2573.4567857142856,stop_loss,-7.149390220330945,-7.349390220330945,2
ETH/USDT,2025-06-30,2485.47,5.281725962723921,2025-07-02,2560.0341,take_profit,3.000000000000002,2.800000000000002,2
ETH/USDT,2025-07-02,2570.41,5.4215364197040286,2025-07-09,2647.5223,take_profit,3.0000000000000093,2.800000000000009,7
ETH/USDT,2025-08-09,4260.62,4.7502811462047445,2025-08-12,4388.4386,take_profit,3.000000000000012,2.800000000000012,3
ETH/USDT,2025-08-23,4778.4,5.696691660089453,2025-08-24,4921.7519999999995,take_profit,2.9999999999999973,2.799999999999997,1
ETH/USDT,2025-09-12,4712.16,3.576794627395627,2025-09-16,4459.3435714285715,stop_loss,-5.365191941093434,-5.565191941093434,4
ETH/USDT,2025-10-02,4484.35,3.879364583814505,2025-10-06,4618.8805,take_profit,2.9999999999999964,2.7999999999999963,4
ETH/USDT,2025-10-26,4158.46,5.196274582417529,2025-10-30,3834.3325,stop_loss,-7.794411873626296,-7.994411873626296,4
ETH/USDT,2025-11-25,2959.36,7.210077275395453,2025-11-27,3048.1408,take_profit,3.0,2.8,2
ETH/USDT,2025-12-22,3009.49,5.474895366704277,2026-01-01,3004.19,time_stop,-0.1761095733828565,-0.3761095733828565,10
ETH/USDT,2025-12-27,2949.05,4.431039535734267,2025-12-29,3037.5215000000003,take_profit,3.0000000000000036,2.8000000000000034,2
ETH/USDT,2026-02-14,2086.59,8.904446283854794,2026-02-24,1807.8910714285716,stop_loss,-13.356669425782183,-13.556669425782182,10
ETH/USDT,2026-04-05,2110.17,4.454718949522686,2026-04-06,2173.4751,take_profit,3.0000000000000018,2.8000000000000016,1
SOL/USDT,2021-10-03,172.98,10.018086318814724,2021-10-10,146.98607142857142,stop_loss,-15.02712947822209,-15.22712947822209,7
SOL/USDT,2021-10-20,176.72,7.099204552803464,2021-10-21,182.0216,take_profit,3.0000000000000044,2.8000000000000043,1
SOL/USDT,2021-12-02,233.6,8.7206457925636,2021-12-04,203.04285714285714,stop_loss,-13.080968688845399,-13.280968688845398,2
SOL/USDT,2021-12-18,182.78,9.314867209604055,2021-12-19,188.26340000000002,take_profit,3.0000000000000098,2.8000000000000096,1
SOL/USDT,2022-01-02,176.35,6.285795293450527,2022-01-05,159.7225,stop_loss,-9.428692940175786,-9.628692940175785,3
SOL/USDT,2022-01-15,147.64,7.938228122460041,2022-01-20,130.05999999999997,stop_loss,-11.907342183690066,-12.107342183690065,5
SOL/USDT,2022-02-25,92.71,9.505061867266592,2022-02-28,95.4913,take_profit,3.0000000000000018,2.8000000000000016,3
SOL/USDT,2022-03-09,88.06,10.030498685960868,2022-03-17,90.7018,take_profit,3.0000000000000036,2.8000000000000034,8
SOL/USDT,2022-03-15,82.84,7.548113402772988,2022-03-16,85.32520000000001,take_profit,3.000000000000007,2.800000000000007,1
SOL/USDT,2022-07-28,42.91,9.388420947498084,2022-07-29,44.1973,take_profit,3.000000000000005,2.8000000000000047,1
SOL/USDT,2022-08-10,42.47,7.342998419052105,2022-08-11,43.7441,take_profit,3.0000000000000098,2.8000000000000096,1
SOL/USDT,2022-09-05,32.18,5.846577288466661,2022-09-06,33.1454,take_profit,3.000000000000008,2.800000000000008,1
SOL/USDT,2022-09-23,33.66,7.749766573295984,2022-09-24,34.669799999999995,take_profit,2.9999999999999956,2.7999999999999954,1
SOL/USDT,2022-10-25,30.86,5.592074807888158,2022-10-26,31.785800000000002,take_profit,3.000000000000008,2.800000000000008,1
SOL/USDT,2023-01-02,11.28,8.333333333333329,2023-01-03,11.6184,take_profit,3.0000000000000004,2.8000000000000003,1
SOL/USDT,2023-02-19,24.84,7.168737060041408,2023-02-20,25.5852,take_profit,3.000000000000002,2.800000000000002,1
SOL/USDT,2023-03-16,19.67,9.514125935071538,2023-03-17,20.2601,take_profit,2.999999999999998,2.7999999999999976,1
SOL/USDT,2023-03-29,21.1,7.667569397427214,2023-04-08,20.04,time_stop,-5.0236966824644655,-5.223696682464466,10
SOL/USDT,2023-04-04,20.92,6.319994537011745,2023-04-11,21.547600000000003,take_profit,3.000000000000005,2.8000000000000047,7
SOL/USDT,2023-04-11,22.98,4.618923287330598,2023-04-12,23.6694,take_profit,2.999999999999996,2.799999999999996,1
SOL/USDT,2023-05-28,20.81,3.947278094322784,2023-06-04,21.4343,take_profit,3.000000000000008,2.800000000000008,7
SOL/USDT,2023-06-20,16.64,8.430631868131867,2023-06-21,17.139200000000002,take_profit,3.000000000000011,2.800000000000011,1
SOL/USDT,2023-08-12,24.91,4.473246544703791,2023-08-16,23.23857142857143,stop_loss,-6.709869817055683,-6.909869817055683,4
SOL/USDT,2023-08-14,25.18,4.133098831271985,2023-08-16,23.618928571428572,stop_loss,-6.199648246907972,-6.399648246907972,2
SOL/USDT,2023-09-07,19.92,4.998565691336777,2023-09-10,18.426428571428573,stop_loss,-7.4978485370051615,-7.697848537005162,3
SOL/USDT,2023-09-15,19.14,4.974623078071356,2023-09-18,19.7142,take_profit,3.0000000000000058,2.8000000000000056,3
SOL/USDT,2023-10-17,23.93,4.751955107157783,2023-10-19,24.6479,take_profit,3.000000000000001,2.8000000000000007,2
SOL/USDT,2023-12-08,74.94,6.114415341797249,2023-12-09,77.1882,take_profit,2.999999999999996,2.799999999999996,1
SOL/USDT,2023-12-20,82.21,8.9144525344501,2023-12-21,84.6763,take_profit,3.000000000000005,2.8000000000000047,1
SOL/USDT,2024-01-29,101.68,6.384174440822749,2024-01-30,104.7304,take_profit,2.999999999999996,2.799999999999996,1
SOL/USDT,2024-02-28,119.03,5.751851273988549,2024-02-29,122.60090000000001,take_profit,3.0000000000000075,2.8000000000000074,1
SOL/USDT,2024-04-23,154.75,11.189014539579968,2024-04-24,159.3925,take_profit,3.000000000000008,2.800000000000008,1
SOL/USDT,2024-05-03,143.69,7.404332740125071,2024-05-04,148.0007,take_profit,2.9999999999999982,2.799999999999998,1
SOL/USDT,2024-06-27,149.71,5.880416424134281,2024-07-02,154.2013,take_profit,2.999999999999997,2.7999999999999967,5
SOL/USDT,2024-08-23,153.26,5.320090975186891,2024-08-24,157.8578,take_profit,3.0000000000000044,2.8000000000000043,1
SOL/USDT,2024-09-10,135.63,6.342886634857438,2024-09-13,139.6989,take_profit,3.0000000000000098,2.8000000000000096,3
SOL/USDT,2024-10-14,157.59,4.720205234197239,2024-10-20,162.3177,take_profit,2.999999999999999,2.799999999999999,6
SOL/USDT,2024-11-07,196.35,5.559314634944888,2024-11-08,202.2405,take_profit,3.0000000000000018,2.8000000000000016,1
SOL/USDT,2025-01-01,194.28,7.223006559016443,2025-01-02,200.10840000000002,take_profit,3.000000000000008,2.800000000000008,1
SOL/USDT,2025-01-15,205.86,6.217470958071368,2025-01-16,212.03580000000002,take_profit,3.0000000000000044,2.8000000000000043,1
SOL/USDT,2025-03-02,178.71,8.982229789683208,2025-03-03,154.6317857142857,stop_loss,-13.473344684524813,-13.673344684524812,1
SOL/USDT,2025-04-11,121.41,9.07021073811289,2025-04-12,125.0523,take_profit,3.000000000000005,2.8000000000000047,1
SOL/USDT,2025-05-08,164.46,3.9953266968954653,2025-05-09,169.3938,take_profit,2.9999999999999942,2.799999999999994,1
SOL/USDT,2025-06-11,160.97,5.417602215142129,2025-06-13,147.88892857142858,stop_loss,-8.126403322713188,-8.326403322713187,2
SOL/USDT,2025-06-28,150.72,6.0969252350621765,2025-06-30,155.2416,take_profit,3.0000000000000044,2.8000000000000043,2
SOL/USDT,2025-08-10,182.66,5.188797297085921,2025-08-12,188.1398,take_profit,3.0000000000000067,2.8000000000000065,2
SOL/USDT,2025-08-12,191.78,5.390849634253534,2025-08-13,197.5334,take_profit,2.9999999999999996,2.7999999999999994,1
SOL/USDT,2025-08-22,200.69,6.516090914914974,2025-08-23,206.7107,take_profit,3.0000000000000027,2.8000000000000025,1
SOL/USDT,2025-09-02,209.65,6.937412694627099,2025-09-08,215.9395,take_profit,3.0000000000000018,2.8000000000000016,6
SOL/USDT,2025-09-09,217.21,4.909666090090565,2025-09-10,223.7263,take_profit,3.0000000000000004,2.8000000000000003,1
SOL/USDT,2025-10-03,232.84,5.215414631752031,2025-10-10,214.62464285714287,stop_loss,-7.8231219476280405,-8.02312194762804,7
SOL/USDT,2025-10-25,193.84,6.9984081127292,2025-10-26,199.6552,take_profit,3.000000000000002,2.800000000000002,1
SOL/USDT,2025-11-24,138.44,8.171152020473027,2025-11-26,142.5932,take_profit,2.9999999999999987,2.7999999999999985,2
SOL/USDT,2025-12-21,126.03,6.358463404404849,2025-12-29,129.8109,take_profit,3.0000000000000018,2.8000000000000016,8
SOL/USDT,2025-12-26,122.26,5.197938818910521,2025-12-29,125.9278,take_profit,2.9999999999999996,2.7999999999999994,3
SOL/USDT,2026-02-15,86.16,9.78992571959146,2026-02-25,88.7448,take_profit,3.0000000000000018,2.8000000000000016,10
SOL/USDT,2026-04-08,82.57,5.322756449073517,2026-04-09,85.0471,take_profit,3.000000000000009,2.8000000000000087,1
SOL/USDT,2026-05-06,89.16,2.7334486957636352,2026-05-08,91.8348,take_profit,3.0000000000000053,2.800000000000005,2
BNB/USDT,2019-01-18,6.4867,6.970416390460482,2019-01-25,6.681301,take_profit,3.000000000000007,2.800000000000007,7
BNB/USDT,2019-02-03,6.7887,5.385525105795556,2019-02-04,6.992361000000001,take_profit,3.0000000000000044,2.8000000000000043,1
BNB/USDT,2019-03-02,11.7566,7.293653898964958,2019-03-05,12.109298,take_profit,3.0000000000000013,2.800000000000001,3
BNB/USDT,2019-04-01,17.8888,5.680329911133546,2019-04-02,18.425464,take_profit,3.00000000000001,2.80000000000001,1
BNB/USDT,2019-04-18,21.8888,5.378647658032549,2019-04-19,22.545464,take_profit,2.9999999999999964,2.7999999999999963,1
BNB/USDT,2019-05-15,26.8116,7.749763961440996,2019-05-16,27.615948,take_profit,3.0000000000000036,2.8000000000000034,1
BNB/USDT,2019-06-19,35.1888,6.034793538203714,2019-06-20,36.244464,take_profit,3.0000000000000004,2.8000000000000003,1
BNB/USDT,2019-07-21,30.4388,9.096378869825918,2019-07-22,31.351964000000002,take_profit,3.000000000000006,2.800000000000006,1
BNB/USDT,2019-08-01,28.7088,5.838155150038615,2019-08-07,29.570064000000002,take_profit,3.000000000000007,2.800000000000007,6
BNB/USDT,2019-09-08,22.4111,6.534867607059512,2019-09-12,20.21429642857143,stop_loss,-9.802301410589266,-10.002301410589265,4
BNB/USDT,2019-10-04,15.6133,8.135646257631999,2019-10-07,16.081699,take_profit,2.9999999999999987,2.7999999999999985,3
BNB/USDT,2019-11-13,21.3846,3.647184021612352,2019-11-15,20.21469642857143,stop_loss,-5.470776032418516,-5.670776032418516,2
BNB/USDT,2019-12-06,15.6666,6.469267650379057,2019-12-15,14.146328571428572,stop_loss,-9.703901475568587,-9.903901475568587,9
BNB/USDT,2019-12-22,13.7798,5.130750394469751,2019-12-29,14.193194,take_profit,3.0000000000000018,2.8000000000000016,7
BNB/USDT,2020-01-30,18.5555,5.069963853612907,2020-02-05,19.112164999999997,take_profit,2.999999999999994,2.7999999999999936,6
BNB/USDT,2020-02-05,19.262,4.344675675274782,2020-02-06,19.83986,take_profit,3.0000000000000058,2.8000000000000056,1
BNB/USDT,2020-05-20,16.8998,5.957805079688178,2020-05-30,17.406793999999998,take_profit,2.9999999999999933,2.799999999999993,10
BNB/USDT,2020-05-28,17.0772,4.441636467671181,2020-05-30,17.589516000000003,take_profit,3.0000000000000115,2.8000000000000114,2
BNB/USDT,2020-07-06,16.311,3.439352934478922,2020-07-07,16.80033,take_profit,2.9999999999999933,2.799999999999993,1
BNB/USDT,2020-09-01,24.7028,5.239747258263378,2020-09-02,25.443884,take_profit,3.000000000000003,2.800000000000003,1
BNB/USDT,2020-09-09,24.4716,10.147593828881526,2020-09-10,25.205748,take_profit,3.000000000000005,2.8000000000000047,1
BNB/USDT,2020-09-29,28.8946,7.518310391165526,2020-10-09,28.4076,time_stop,-1.6854360330304,-1.8854360330303999,10
BNB/USDT,2020-10-12,30.6503,5.444668218115785,2020-10-13,31.569809000000003,take_profit,3.000000000000005,2.8000000000000047,1
BNB/USDT,2020-11-17,28.5552,4.300642765090569,2020-11-21,29.411856,take_profit,3.0000000000000036,2.8000000000000034,4
BNB/USDT,2020-12-15,29.5053,4.432666092435697,2020-12-16,30.390459,take_profit,3.0000000000000053,2.800000000000005,1
BNB/USDT,2021-01-17,45.8675,8.487475570159386,2021-01-21,40.02801071428571,stop_loss,-12.731213355239083,-12.931213355239082,4
BNB/USDT,2021-02-01,51.4781,6.81980714683942,2021-02-04,53.022442999999996,take_profit,2.9999999999999956,2.7999999999999954,3
BNB/USDT,2021-03-30,311.2962,6.742634277486938,2021-04-01,320.635086,take_profit,3.0000000000000004,2.8000000000000003,2
BNB/USDT,2021-04-20,586.3635,11.461752942378869,2021-04-21,603.9544050000001,take_profit,3.0000000000000036,2.8000000000000034,1
BNB/USDT,2021-04-30,622.65,10.55568595060284,2021-05-01,641.3294999999999,take_profit,2.999999999999994,2.7999999999999936,1
BNB/USDT,2021-06-29,300.79,11.341087517157197,2021-07-04,309.81370000000004,take_profit,3.000000000000006,2.800000000000006,5
BNB/USDT,2021-07-24,301.56,6.632653061224489,2021-07-26,310.6068,take_profit,3.000000000000006,2.800000000000006,2
BNB/USDT,2021-10-01,421.5,7.312319945771904,2021-10-02,434.14500000000004,take_profit,3.0000000000000093,2.800000000000009,1
BNB/USDT,2021-10-29,530.3,5.612860644917971,2021-11-01,546.209,take_profit,2.9999999999999987,2.7999999999999985,3
BNB/USDT,2021-12-24,542.1,5.034653595804674,2021-12-27,558.363,take_profit,3.000000000000006,2.800000000000006,3
BNB/USDT,2022-01-02,531.0,4.195587839655634,2022-01-05,497.58214285714286,stop_loss,-6.293381759483455,-6.493381759483455,3
BNB/USDT,2022-01-14,490.0,6.13556851311953,2022-01-16,504.7,take_profit,2.999999999999998,2.7999999999999976,2
BNB/USDT,2022-02-01,384.2,8.472149921915669,2022-02-04,395.726,take_profit,3.0000000000000027,2.8000000000000025,3
BNB/USDT,2022-02-28,395.6,6.725769175213057,2022-03-01,407.468,take_profit,2.9999999999999987,2.7999999999999985,1
BNB/USDT,2022-03-16,385.4,4.809474386537177,2022-03-18,396.962,take_profit,3.0000000000000036,2.8000000000000034,2
BNB/USDT,2022-05-20,302.2,11.333553937789544,2022-05-21,311.266,take_profit,3.00000000000001,2.80000000000001,1
BNB/USDT,2022-06-23,228.9,10.447481744991576,2022-06-24,235.76700000000002,take_profit,3.000000000000008,2.800000000000008,1
BNB/USDT,2022-09-09,293.4,4.167883922485149,2022-09-14,275.0571428571428,stop_loss,-6.251825883727729,-6.45182588372773,5
BNB/USDT,2022-09-24,274.4,4.412224073302791,2022-09-27,282.632,take_profit,3.00000000000001,2.80000000000001,3
BNB/USDT,2022-11-24,300.2,5.270295993147429,2022-11-26,309.206,take_profit,3.0000000000000098,2.8000000000000096,2
BNB/USDT,2022-12-27,246.7,4.980022004748395,2023-01-04,254.101,take_profit,3.0000000000000044,2.8000000000000043,8
BNB/USDT,2023-01-29,317.2,4.5014411817690485,2023-02-02,326.716,take_profit,3.000000000000006,2.800000000000006,4
BNB/USDT,2023-02-02,323.5,4.42040185471406,2023-02-03,333.205,take_profit,2.999999999999995,2.799999999999995,1
BNB/USDT,2023-03-13,307.9,3.5957871294019395,2023-03-14,317.137,take_profit,3.000000000000008,2.800000000000008,1
BNB/USDT,2023-04-25,338.4,3.5439885173927745,2023-04-28,320.4107142857143,stop_loss,-5.315982776089155,-5.515982776089155,3
BNB/USDT,2023-06-19,243.1,5.961685373450081,2023-06-21,250.393,take_profit,3.0000000000000027,2.8000000000000025,2
BNB/USDT,2023-08-28,218.8,3.25476625750849,2023-08-29,225.364,take_profit,2.999999999999997,2.7999999999999967,1
BNB/USDT,2023-09-12,210.7,2.53237507627636,2023-09-18,217.021,take_profit,2.999999999999999,2.799999999999999,6
BNB/USDT,2023-12-08,238.9,2.7148238952341073,2023-12-11,229.17142857142858,stop_loss,-4.072235842851163,-4.272235842851163,3
BNB/USDT,2024-03-06,429.4,5.339676625191295,2024-03-07,442.282,take_profit,3.0000000000000013,2.800000000000001,1
BNB/USDT,2024-04-23,606.2,6.216713013149833,2024-05-01,549.6714285714286,stop_loss,-9.325069519724755,-9.525069519724754,8
BNB/USDT,2024-05-21,618.5,3.1839704353851492,2024-05-23,588.9607142857143,stop_loss,-4.775955653077722,-4.9759556530777225,2
BNB/USDT,2024-06-03,626.4,2.8359332238642576,2024-06-04,645.192,take_profit,3.000000000000005,2.8000000000000047,1
BNB/USDT,2024-07-12,533.8,5.171813948509341,2024-07-15,549.814,take_profit,3.0000000000000018,2.8000000000000016,3
BNB/USDT,2024-08-13,524.2,6.4629094674878695,2024-08-17,539.926,take_profit,2.9999999999999996,2.7999999999999994,4
BNB/USDT,2024-09-11,530.1,4.1043468887271946,2024-09-12,546.003,take_profit,3.0000000000000036,2.8000000000000034,1
BNB/USDT,2024-10-14,589.1,3.430171932972814,2024-10-20,606.773,take_profit,3.0000000000000004,2.8000000000000003,6
BNB/USDT,2024-11-08,597.82,3.176660915612438,2024-11-09,615.7546000000001,take_profit,3.0000000000000075,2.8000000000000074,1
BNB/USDT,2024-11-23,650.42,5.282081468238103,2024-11-24,669.9326,take_profit,3.0000000000000036,2.8000000000000034,1
BNB/USDT,2024-11-27,644.14,5.373055546930791,2024-11-28,663.4642,take_profit,3.000000000000003,2.800000000000003,1
BNB/USDT,2025-01-02,706.25,4.474134007585336,2025-01-06,727.4375,take_profit,3.0,2.8,4
BNB/USDT,2025-01-17,721.76,3.194571998606583,2025-01-19,687.1742857142857,stop_loss,-4.791857997909871,-4.991857997909872,2
BNB/USDT,2025-02-11,642.11,6.132349374940207,2025-02-12,661.3733000000001,take_profit,3.000000000000011,2.800000000000011,1
BNB/USDT,2025-03-14,587.76,5.975714091271459,2025-03-15,605.3928,take_profit,2.9999999999999956,2.7999999999999954,1
BNB/USDT,2025-04-13,584.28,4.357133077096108,2025-04-21,601.8084,take_profit,3.0000000000000058,2.8000000000000056,8
BNB/USDT,2025-05-21,673.31,3.7662549833763728,2025-05-27,693.5092999999999,take_profit,2.999999999999999,2.799999999999999,6
BNB/USDT,2025-08-12,832.47,3.72471594857987,2025-08-13,857.4441,take_profit,3.000000000000002,2.800000000000002,1
BNB/USDT,2025-10-02,1090.22,4.533423136090488,2025-10-03,1122.9266,take_profit,2.9999999999999982,2.799999999999998,1
BNB/USDT,2025-11-26,891.78,5.35029459539989,2025-12-01,820.2107142857143,stop_loss,-8.025441893099833,-8.225441893099832,5
BNB/USDT,2025-12-22,858.66,3.6450482645717095,2026-01-01,864.39,time_stop,0.6673188456432136,0.46731884564321363,10
BNB/USDT,2025-12-28,859.32,3.1003750473796554,2026-01-02,885.0996000000001,take_profit,3.000000000000008,2.800000000000008,5
BNB/USDT,2026-02-16,627.19,6.9195254115294285,2026-02-26,625.74,time_stop,-0.23118991055342805,-0.43118991055342804,10
BNB/USDT,2026-04-07,620.1,3.0997304582210217,2026-04-12,591.2678571428572,stop_loss,-4.6495956873315265,-4.849595687331527,5
XRP/USDT,2019-05-26,0.40372,11.361127231037067,2019-05-27,0.4158316,take_profit,3.0,2.8,1
XRP/USDT,2019-06-17,0.44705,5.4627957882627385,2019-06-22,0.4604615,take_profit,3.000000000000005,2.8000000000000047,5
XRP/USDT,2019-07-22,0.32111,8.671038406954448,2019-08-01,0.31575,time_stop,-1.6692099280620445,-1.8692099280620444,10
XRP/USDT,2019-08-22,0.27039,6.250495316289169,2019-08-26,0.2785017,take_profit,2.9999999999999996,2.7999999999999994,4
XRP/USDT,2019-10-06,0.25552,6.809643080776455,2019-10-07,0.2631856,take_profit,2.9999999999999973,2.799999999999997,1
XRP/USDT,2019-10-27,0.29818,6.483380125140139,2019-10-29,0.3071254,take_profit,2.9999999999999973,2.799999999999997,2
XRP/USDT,2019-11-06,0.31009,4.749773107346717,2019-11-07,0.28799714285714284,stop_loss,-7.12465966102007,-7.32465966102007,1
XRP/USDT,2019-12-05,0.22118,5.69219640112126,2019-12-07,0.2278154,take_profit,3.000000000000006,2.800000000000006,2
XRP/USDT,2019-12-27,0.19003,5.803970801602757,2019-12-29,0.1957309,take_profit,3.0000000000000044,2.8000000000000043,2
XRP/USDT,2020-01-30,0.24376,5.560211449200617,2020-02-02,0.2510728,take_profit,2.999999999999992,2.799999999999992,3
XRP/USDT,2020-04-23,0.1926,5.40275923453494,2020-04-27,0.198378,take_profit,3.000000000000003,2.800000000000003,4
XRP/USDT,2020-05-30,0.20701,3.7841512142270557,2020-05-31,0.2132203,take_profit,3.000000000000001,2.8000000000000007,1
XRP/USDT,2020-07-05,0.17695,3.346788842691637,2020-07-06,0.1822585,take_profit,2.9999999999999964,2.7999999999999963,1
XRP/USDT,2020-09-17,0.25214,5.4434044578408844,2020-09-21,0.23155249999999997,stop_loss,-8.165106686761327,-8.365106686761326,4
XRP/USDT,2020-09-26,0.24153,4.877240922452697,2020-10-04,0.2487759,take_profit,3.0,2.8,8
XRP/USDT,2020-10-22,0.25709,3.3823619299522676,2020-10-26,0.24404642857142855,stop_loss,-5.073542894928404,-5.273542894928404,4
XRP/USDT,2020-11-06,0.25863,3.910163996000906,2020-11-07,0.26638890000000004,take_profit,3.000000000000005,2.8000000000000047,1
XRP/USDT,2021-03-18,0.46893,7.053291536050156,2021-03-20,0.48299790000000004,take_profit,3.000000000000005,2.8000000000000047,2
XRP/USDT,2021-06-29,0.7063,11.732165611536978,2021-07-09,0.6369,time_stop,-9.825853036953138,-10.025853036953137,10
XRP/USDT,2021-07-21,0.5719,7.154097869257861,2021-07-22,0.5890569999999999,take_profit,2.9999999999999964,2.7999999999999963,1
XRP/USDT,2021-09-06,1.3894,6.760883423471589,2021-09-07,1.2484964285714286,stop_loss,-10.141325135207381,-10.34132513520738,1
XRP/USDT,2021-10-01,1.0422,7.994763823779367,2021-10-03,1.073466,take_profit,3.0000000000000018,2.8000000000000016,2
XRP/USDT,2021-10-20,1.1455,6.261769657666649,2021-10-27,1.0379071428571427,stop_loss,-9.39265448649998,-9.59265448649998,7
XRP/USDT,2021-11-02,1.1349,6.0269627279936575,2021-11-03,1.168947,take_profit,2.9999999999999947,2.7999999999999945,1
XRP/USDT,2021-12-15,0.8262,10.843102673168032,2021-12-20,0.850986,take_profit,2.999999999999997,2.7999999999999967,5
XRP/USDT,2022-01-14,0.7732,6.777954327100735,2022-01-21,0.6945892857142857,stop_loss,-10.1669314906511,-10.3669314906511,7
XRP/USDT,2022-02-01,0.6284,7.686187141947802,2022-02-04,0.6472519999999999,take_profit,2.9999999999999973,2.799999999999997,3
XRP/USDT,2022-03-11,0.8029,6.862622991655249,2022-03-12,0.8269869999999999,take_profit,2.9999999999999964,2.7999999999999963,1
XRP/USDT,2022-04-19,0.7749,5.275335066275834,2022-04-23,0.7135821428571428,stop_loss,-7.913002599413757,-8.113002599413758,4
XRP/USDT,2022-06-20,0.3227,9.76360175306565,2022-06-21,0.332381,take_profit,2.9999999999999987,2.7999999999999985,1
XRP/USDT,2022-09-07,0.3369,4.7428232201161835,2022-09-09,0.347007,take_profit,3.0000000000000098,2.8000000000000096,2
XRP/USDT,2022-10-07,0.5177,7.879632440188746,2022-10-09,0.533231,take_profit,2.9999999999999925,2.7999999999999923,2
XRP/USDT,2022-11-04,0.5064,4.306307831189349,2022-11-06,0.47368928571428565,stop_loss,-6.459461746784028,-6.659461746784028,2
XRP/USDT,2022-11-23,0.3815,8.1801160831305,2022-11-24,0.392945,take_profit,2.9999999999999956,2.7999999999999954,1
XRP/USDT,2022-12-26,0.3658,4.143560103100836,2022-12-29,0.34306428571428577,stop_loss,-6.215340154651243,-6.415340154651243,3
XRP/USDT,2023-01-02,0.3482,4.371461393287932,2023-01-04,0.358646,take_profit,3.000000000000003,2.800000000000003,2
XRP/USDT,2023-02-20,0.3984,4.414084911072863,2023-02-25,0.37202142857142856,stop_loss,-6.621127366609292,-6.821127366609292,5
XRP/USDT,2023-03-08,0.3889,3.7468317231752555,2023-03-09,0.36704285714285717,stop_loss,-5.6202475847628826,-5.820247584762883,1
XRP/USDT,2023-03-17,0.3798,5.19822462950425,2023-03-19,0.39119400000000004,take_profit,3.0000000000000036,2.8000000000000034,2
XRP/USDT,2023-05-17,0.4484,4.114629794826048,2023-05-18,0.46185200000000004,take_profit,3.000000000000004,2.800000000000004,1
XRP/USDT,2023-07-04,0.4872,4.235573539760731,2023-07-13,0.501816,take_profit,3.0000000000000036,2.8000000000000034,9
XRP/USDT,2023-07-13,0.8153,5.924199681098982,2023-07-14,0.74285,stop_loss,-8.886299521648475,-9.086299521648474,1
XRP/USDT,2023-08-29,0.5398,6.944370931032659,2023-09-08,0.505,time_stop,-6.446832160059271,-6.6468321600592715,10
XRP/USDT,2023-10-19,0.5197,3.045713186178841,2023-10-23,0.5352910000000001,take_profit,3.0000000000000036,2.8000000000000034,4
XRP/USDT,2023-12-06,0.64,3.2611607142857144,2023-12-08,0.6592,take_profit,2.999999999999999,2.799999999999999,2
XRP/USDT,2023-12-25,0.6462,3.885351726577356,2023-12-26,0.6085392857142857,stop_loss,-5.828027589866028,-6.028027589866028,1
XRP/USDT,2024-01-29,0.5352,3.694213111253471,2024-01-31,0.5055428571428572,stop_loss,-5.541319666880199,-5.741319666880199,2
XRP/USDT,2024-02-03,0.5186,4.023194314362848,2024-02-11,0.5341579999999999,take_profit,2.9999999999999925,2.7999999999999923,8
XRP/USDT,2024-04-10,0.6172,4.871076752152579,2024-04-12,0.5721035714285714,stop_loss,-7.306615128228872,-7.506615128228872,2
XRP/USDT,2024-04-22,0.556,8.173175745118193,2024-04-30,0.4878357142857143,stop_loss,-12.259763617677288,-12.459763617677288,8
XRP/USDT,2024-05-15,0.5188,3.7173697543782365,2024-05-20,0.5343640000000001,take_profit,3.000000000000004,2.800000000000004,5
XRP/USDT,2024-06-19,0.4933,4.963655845472184,2024-06-29,0.4727,time_stop,-4.175957834988852,-4.375957834988852,10
XRP/USDT,2024-06-30,0.4761,3.288624838719357,2024-07-04,0.4526142857142857,stop_loss,-4.932937258079044,-5.132937258079044,4
XRP/USDT,2024-07-12,0.4745,4.951076320939334,2024-07-13,0.488735,take_profit,2.9999999999999996,2.7999999999999994,1
XRP/USDT,2024-08-20,0.5937,6.807189778387353,2024-08-23,0.611511,take_profit,3.0000000000000036,2.8000000000000034,3
XRP/USDT,2024-09-13,0.5728,3.885674381484436,2024-09-14,0.589984,take_profit,2.999999999999996,2.799999999999996,1
XRP/USDT,2024-10-16,0.5482,3.2873820816177632,2024-10-17,0.564646,take_profit,2.9999999999999925,2.7999999999999923,1
XRP/USDT,2024-11-06,0.5418,3.320940779412544,2024-11-07,0.5580539999999999,take_profit,2.9999999999999987,2.7999999999999985,1
XRP/USDT,2025-01-05,2.3994,5.509115374081612,2025-01-08,2.2011214285714287,stop_loss,-8.263673061122418,-8.463673061122417,3
XRP/USDT,2025-01-11,2.5764,6.023909330849246,2025-01-13,2.3436,stop_loss,-9.035863996273875,-9.235863996273874,2
XRP/USDT,2025-02-15,2.7619,10.200793449643879,2025-02-24,2.3392964285714286,stop_loss,-15.301190174465813,-15.501190174465812,9
XRP/USDT,2025-03-02,2.9396,7.7022141010438725,2025-03-03,2.5999785714285713,stop_loss,-11.553321151565816,-11.753321151565816,1
XRP/USDT,2025-03-15,2.3911,11.7103903164712,2025-03-19,2.462833,take_profit,3.000000000000002,2.800000000000002,4
XRP/USDT,2025-04-12,2.1598,8.711785482782798,2025-04-13,2.224594,take_profit,3.0000000000000004,2.8000000000000003,1
XRP/USDT,2025-05-08,2.3272,4.051158964789078,2025-05-09,2.397016,take_profit,2.9999999999999947,2.7999999999999945,1
XRP/USDT,2025-06-09,2.3211,4.217827754082112,2025-06-12,2.1742500000000002,stop_loss,-6.326741631123162,-6.526741631123162,3
XRP/USDT,2025-06-25,2.1859,4.90579231829975,2025-06-30,2.2514770000000004,take_profit,3.0000000000000098,2.8000000000000096,5
XRP/USDT,2025-09-08,2.9697,3.8156812376430516,2025-09-12,3.0587910000000003,take_profit,3.0000000000000084,2.8000000000000083,4
XRP/USDT,2025-10-02,3.0389,4.201003182542555,2025-10-08,2.847403571428571,stop_loss,-6.3015047738138446,-6.501504773813845,6
XRP/USDT,2025-10-24,2.5103,6.396503548238401,2025-10-25,2.585609,take_profit,2.999999999999994,2.7999999999999936,1
XRP/USDT,2025-11-10,2.526,7.064811672887681,2025-11-14,2.2583142857142855,stop_loss,-10.597217509331525,-10.797217509331524,4
XRP/USDT,2025-11-25,2.2024,7.19118104924498,2025-11-28,2.268472,take_profit,3.000000000000006,2.800000000000006,3
XRP/USDT,2025-12-22,1.9043,5.005588855297408,2026-01-01,1.8799,time_stop,-1.2813107178490888,-1.4813107178490887,10
XRP/USDT,2025-12-27,1.8735,4.44507987342255,2026-01-02,1.929705,take_profit,3.0000000000000036,2.8000000000000034,6
XRP/USDT,2026-02-14,1.5094,9.124723163414036,2026-02-15,1.5546820000000001,take_profit,3.0000000000000027,2.8000000000000025,1
XRP/USDT,2026-04-07,1.3787,3.711570941570218,2026-04-16,1.420061,take_profit,2.9999999999999987,2.7999999999999985,9
ADA/USDT,2019-05-11,0.0739,7.114826986274888,2019-05-12,0.07611699999999999,take_profit,2.9999999999999956,2.7999999999999954,1
ADA/USDT,2019-05-26,0.08514,10.821671868183497,2019-05-27,0.0876942,take_profit,3.000000000000008,2.800000000000008,1
ADA/USDT,2019-06-12,0.09603,8.46759197274661,2019-06-22,0.09482,time_stop,-1.2600229095074484,-1.4600229095074484,10
ADA/USDT,2019-06-23,0.097,6.367452135493375,2019-06-26,0.09991,take_profit,2.9999999999999956,2.7999999999999954,3
ADA/USDT,2019-07-24,0.05876,11.192015948653115,2019-07-25,0.0605228,take_profit,3.0000000000000036,2.8000000000000034,1
ADA/USDT,2019-08-11,0.05472,5.917136591478696,2019-08-13,0.04986321428571428,stop_loss,-8.875704887218049,-9.075704887218048,2
ADA/USDT,2019-08-18,0.05061,7.299517317300362,2019-08-25,0.0521283,take_profit,3.0000000000000004,2.8000000000000003,7
ADA/USDT,2019-09-02,0.04531,6.1906863826969785,2019-09-03,0.046669300000000004,take_profit,3.0000000000000018,2.8000000000000016,1
ADA/USDT,2019-10-07,0.04136,8.267131804365848,2019-10-09,0.0426008,take_profit,3.0000000000000004,2.8000000000000003,2
ADA/USDT,2019-10-25,0.04115,5.08939420239542,2019-10-26,0.0423845,take_profit,2.9999999999999987,2.7999999999999985,1
ADA/USDT,2019-11-30,0.04032,7.863874716553291,2019-12-10,0.03634,time_stop,-9.871031746031758,-10.071031746031757,10
ADA/USDT,2019-12-07,0.03842,6.603703428273966,2019-12-16,0.034614285714285715,stop_loss,-9.90555514241095,-10.10555514241095,9
ADA/USDT,2019-12-26,0.03416,5.620608899297424,2020-01-05,0.0351848,take_profit,2.999999999999998,2.7999999999999976,10
ADA/USDT,2020-05-19,0.05677,5.8179622033770375,2020-05-21,0.051815714285714284,stop_loss,-8.726943305065557,-8.926943305065556,2
ADA/USDT,2020-05-28,0.06502,6.485916421320914,2020-05-30,0.06697059999999999,take_profit,2.9999999999999956,2.7999999999999954,2
ADA/USDT,2020-07-01,0.09681,5.200908997004444,2020-07-02,0.08925749999999999,stop_loss,-7.801363495506666,-8.001363495506666,1
ADA/USDT,2020-07-26,0.14849,6.301530646604389,2020-07-27,0.13445428571428572,stop_loss,-9.452295969906586,-9.652295969906586,1
ADA/USDT,2020-09-13,0.09507,11.299944401869302,2020-09-15,0.0979221,take_profit,2.999999999999996,2.799999999999996,2
ADA/USDT,2020-09-25,0.09693,6.700711853915195,2020-09-26,0.09983790000000001,take_profit,3.000000000000005,2.8000000000000047,1
ADA/USDT,2020-11-06,0.1091,5.704465104098472,2020-11-07,0.09976464285714286,stop_loss,-8.556697656147703,-8.756697656147702,1
ADA/USDT,2020-12-18,0.16502,7.590421940197728,2020-12-19,0.1699706,take_profit,2.9999999999999996,2.7999999999999994,1
ADA/USDT,2020-12-28,0.17627,9.641053902697973,2020-12-29,0.18155810000000003,take_profit,3.0000000000000098,2.8000000000000096,1
ADA/USDT,2021-02-02,0.42498,11.427764667917144,2021-02-03,0.43772940000000005,take_profit,3.000000000000005,2.8000000000000047,1
ADA/USDT,2021-03-19,1.29474,9.950922303209248,2021-03-22,1.1014821428571429,stop_loss,-14.926383454813873,-15.126383454813872,3
ADA/USDT,2021-04-11,1.26355,5.532654595612134,2021-04-12,1.3014565,take_profit,3.0000000000000053,2.800000000000005,1
ADA/USDT,2021-06-29,1.373,10.16543543855998,2021-07-03,1.41419,take_profit,3.0000000000000044,2.8000000000000043,4
ADA/USDT,2021-07-24,1.2327,6.38609788037873,2021-07-26,1.2696809999999998,take_profit,2.9999999999999947,2.7999999999999945,2
ADA/USDT,2021-10-03,2.251,8.503839563368665,2021-10-07,2.31853,take_profit,3.000000000000004,2.800000000000004,4
ADA/USDT,2021-10-20,2.19,4.885844748858449,2021-10-21,2.2557,take_profit,3.0000000000000044,2.8000000000000043,1
ADA/USDT,2021-11-06,2.005,6.024225151407198,2021-11-08,2.06515,take_profit,3.0000000000000075,2.8000000000000074,2
ADA/USDT,2022-01-13,1.233,7.803267292318385,2022-01-14,1.2699900000000002,take_profit,3.000000000000006,2.800000000000006,1
ADA/USDT,2022-02-04,1.138,8.241275420537288,2022-02-05,1.17214,take_profit,3.0000000000000053,2.800000000000005,1
ADA/USDT,2022-03-01,0.963,8.989764129951048,2022-03-04,0.8331428571428571,stop_loss,-13.484646194926572,-13.684646194926572,3
ADA/USDT,2022-03-14,0.802,6.688635553972208,2022-03-16,0.82606,take_profit,2.999999999999996,2.799999999999996,2
ADA/USDT,2022-05-04,0.8985,6.351856268383817,2022-05-05,0.8128928571428571,stop_loss,-9.527784402575724,-9.727784402575724,1
ADA/USDT,2022-06-24,0.4981,11.370350187856715,2022-06-26,0.513043,take_profit,3.000000000000008,2.800000000000008,2
ADA/USDT,2022-07-15,0.4421,5.855171745241866,2022-07-16,0.455363,take_profit,3.0000000000000058,2.8000000000000056,1
ADA/USDT,2022-09-03,0.4803,5.371642723297941,2022-09-04,0.494709,take_profit,3.000000000000001,2.8000000000000007,1
ADA/USDT,2022-09-17,0.4859,5.750742363214066,2022-09-18,0.44398571428571426,stop_loss,-8.626113544821102,-8.826113544821101,1
ADA/USDT,2022-10-24,0.3573,4.835872216224865,2022-10-25,0.36801900000000004,take_profit,3.0000000000000098,2.8000000000000096,1
ADA/USDT,2022-11-26,0.3138,5.087407812073204,2022-12-03,0.32321400000000006,take_profit,3.00000000000001,2.80000000000001,7
ADA/USDT,2022-12-27,0.2603,4.835080401734264,2022-12-29,0.24142142857142854,stop_loss,-7.252620602601399,-7.4526206026013995,2
ADA/USDT,2022-12-31,0.2458,3.9608276182726985,2023-01-02,0.253174,take_profit,3.000000000000008,2.800000000000008,2
ADA/USDT,2023-02-18,0.406,5.967628430682616,2023-02-24,0.3696571428571429,stop_loss,-8.95144264602392,-9.15144264602392,6
ADA/USDT,2023-03-14,0.3429,5.757613631629379,2023-03-18,0.353187,take_profit,2.9999999999999973,2.799999999999997,4
ADA/USDT,2023-05-18,0.3714,4.081083160243095,2023-05-28,0.382542,take_profit,2.999999999999996,2.799999999999996,10
ADA/USDT,2023-05-22,0.3679,3.4714402205568278,2023-05-28,0.378937,take_profit,3.000000000000005,2.8000000000000047,6
ADA/USDT,2023-06-21,0.2862,7.527203753618849,2023-06-22,0.294786,take_profit,2.999999999999994,2.7999999999999936,1
ADA/USDT,2023-08-28,0.2676,4.964766175528509,2023-08-29,0.275628,take_profit,2.9999999999999925,2.7999999999999923,1
ADA/USDT,2023-09-14,0.2513,2.8679438349155837,2023-09-24,0.2427,time_stop,-3.422204536410674,-3.622204536410674,10
ADA/USDT,2023-10-21,0.2586,2.69031046293227,2023-10-23,0.266358,take_profit,2.999999999999995,2.799999999999995,2
ADA/USDT,2023-12-05,0.4257,4.102486660626196,2023-12-06,0.43847100000000006,take_profit,3.0000000000000075,2.8000000000000074,1
ADA/USDT,2024-01-29,0.526,4.881857686040195,2024-02-01,0.4874821428571429,stop_loss,-7.322786529060285,-7.522786529060285,3
ADA/USDT,2024-02-27,0.6239,5.553774643372338,2024-02-28,0.642617,take_profit,2.9999999999999973,2.799999999999997,1
ADA/USDT,2024-04-21,0.4993,10.220022316958024,2024-04-22,0.514279,take_profit,3.000000000000004,2.800000000000004,1
ADA/USDT,2024-06-04,0.4615,3.491719548057576,2024-06-07,0.43732857142857146,stop_loss,-5.237579322086363,-5.437579322086363,3
ADA/USDT,2024-06-27,0.3913,5.1184695702968135,2024-06-29,0.403039,take_profit,3.0,2.8,2
ADA/USDT,2024-07-10,0.3885,6.6482809339952205,2024-07-11,0.40015500000000004,take_profit,3.0000000000000067,2.8000000000000065,1
ADA/USDT,2024-08-17,0.3373,7.4477997543517835,2024-08-20,0.347419,take_profit,2.999999999999997,2.7999999999999967,3
ADA/USDT,2024-09-09,0.3435,5.606155125805777,2024-09-11,0.35380500000000004,take_profit,3.000000000000002,2.800000000000002,2
ADA/USDT,2024-10-15,0.3591,4.445637904284521,2024-10-21,0.369873,take_profit,3.0000000000000093,2.800000000000009,6
ADA/USDT,2024-10-20,0.3649,4.028500959166893,2024-10-23,0.34285000000000004,stop_loss,-6.042751438750331,-6.242751438750331,3
ADA/USDT,2024-10-30,0.355,4.649899396378268,2024-11-03,0.3302392857142857,stop_loss,-6.974849094567409,-7.174849094567409,4
ADA/USDT,2024-11-06,0.363,5.299094844549389,2024-11-07,0.37389,take_profit,3.000000000000003,2.800000000000003,1
ADA/USDT,2025-01-03,1.0894,6.716672349130584,2025-01-07,1.122082,take_profit,3.0000000000000093,2.800000000000009,4
ADA/USDT,2025-01-11,0.9955,8.689100954294325,2025-01-12,1.025365,take_profit,3.000000000000003,2.800000000000003,1
ADA/USDT,2025-01-15,1.0755,8.675034867503486,2025-01-16,1.1077649999999999,take_profit,2.999999999999999,2.799999999999999,1
ADA/USDT,2025-02-13,0.8107,11.315617896350597,2025-02-23,0.7697,time_stop,-5.057357838904641,-5.257357838904642,10
ADA/USDT,2025-03-02,1.135,7.91881686595343,2025-03-03,1.000182142857143,stop_loss,-11.878225298930142,-12.07822529893014,1
ADA/USDT,2025-03-25,0.7448,5.366733159429183,2025-03-26,0.767144,take_profit,3.000000000000004,2.800000000000004,1
ADA/USDT,2025-04-12,0.6595,8.675403444167658,2025-04-22,0.679285,take_profit,3.000000000000008,2.800000000000008,10
ADA/USDT,2025-05-08,0.7693,5.301665707229208,2025-05-09,0.7923790000000001,take_profit,3.0000000000000093,2.800000000000009,1
ADA/USDT,2025-06-10,0.7167,5.52632103490203,2025-06-12,0.6572892857142857,stop_loss,-8.28948155235305,-8.48948155235305,2
ADA/USDT,2025-06-29,0.5773,5.83875677414565,2025-07-02,0.594619,take_profit,2.999999999999995,2.799999999999995,3
ADA/USDT,2025-08-12,0.8411,5.865618153098833,2025-08-13,0.866333,take_profit,3.0000000000000075,2.8000000000000074,1
ADA/USDT,2025-08-22,0.9314,8.460382220313507,2025-08-24,0.959342,take_profit,3.000000000000002,2.800000000000002,2
ADA/USDT,2025-09-10,0.8854,4.271677046693987,2025-09-12,0.9119619999999999,take_profit,2.9999999999999973,2.799999999999997,2
ADA/USDT,2025-10-02,0.8706,4.838206819598963,2025-10-09,0.8074178571428572,stop_loss,-7.257310229398444,-7.457310229398444,7
ADA/USDT,2025-10-24,0.656,7.6121515679442515,2025-10-26,0.6756800000000001,take_profit,3.0000000000000044,2.8000000000000043,2
ADA/USDT,2025-11-09,0.579,7.619047619047621,2025-11-10,0.59637,take_profit,2.9999999999999996,2.7999999999999994,1
ADA/USDT,2025-11-26,0.4356,7.872556736193098,2025-12-01,0.3841607142857143,stop_loss,-11.808835104289644,-12.008835104289643,5
ADA/USDT,2025-12-27,0.37,5.916988416988417,2025-12-29,0.3811,take_profit,2.9999999999999996,2.7999999999999994,2
ADA/USDT,2026-02-13,0.2728,9.19564306661081,2026-02-14,0.280984,take_profit,3.0000000000000093,2.800000000000009,1
ADA/USDT,2026-03-11,0.2626,6.75932977913176,2026-03-13,0.270478,take_profit,2.9999999999999987,2.7999999999999985,2
ADA/USDT,2026-03-24,0.2664,5.316924066924072,2026-03-25,0.274392,take_profit,2.9999999999999996,2.7999999999999994,1
AVAX/USDT,2021-10-22,65.54,6.904180653036312,2021-10-23,67.5062,take_profit,3.0000000000000004,2.8000000000000003,1
AVAX/USDT,2022-03-01,86.89,11.034477089258997,2022-03-02,89.4967,take_profit,3.000000000000004,2.800000000000004,1
AVAX/USDT,2022-03-17,79.4,7.762684418855703,2022-03-18,81.78200000000001,take_profit,3.000000000000006,2.800000000000006,1
AVAX/USDT,2022-08-06,26.63,7.234053967061851,2022-08-07,27.4289,take_profit,2.999999999999999,2.799999999999999,1
AVAX/USDT,2022-09-09,20.38,6.557549418197111,2022-09-10,20.9914,take_profit,2.9999999999999987,2.7999999999999985,1
AVAX/USDT,2022-09-23,17.97,7.603943079736069,2022-10-03,17.14,time_stop,-4.618809126321638,-4.818809126321638,10
AVAX/USDT,2022-10-17,16.18,3.933427511919476,2022-10-19,15.225357142857144,stop_loss,-5.900141267879209,-6.100141267879209,2
AVAX/USDT,2022-10-21,15.69,4.666302467449693,2022-10-23,16.1607,take_profit,2.999999999999994,2.7999999999999936,2
AVAX/USDT,2022-11-25,12.82,6.4798306217962995,2022-11-26,13.204600000000001,take_profit,3.0000000000000053,2.800000000000005,1
AVAX/USDT,2023-01-03,11.38,3.238764750188302,2023-01-04,11.721400000000001,take_profit,3.000000000000001,2.8000000000000007,1
AVAX/USDT,2023-02-21,20.98,6.717281764946205,2023-02-24,18.86607142857143,stop_loss,-10.075922647419302,-10.275922647419302,3
AVAX/USDT,2023-03-14,17.15,7.213660974593919,2023-03-16,15.294285714285714,stop_loss,-10.820491461890876,-11.020491461890876,2
AVAX/USDT,2023-05-23,14.71,3.748664659609596,2023-05-25,13.882857142857143,stop_loss,-5.6229969894144,-5.8229969894144,2
AVAX/USDT,2023-05-26,14.33,3.419399860432659,2023-05-28,14.7599,take_profit,2.9999999999999996,2.7999999999999994,2
AVAX/USDT,2023-06-20,12.12,6.3531353135313555,2023-06-21,12.4836,take_profit,2.9999999999999996,2.7999999999999994,1
AVAX/USDT,2023-08-29,10.81,4.942513545658779,2023-08-31,10.008571428571429,stop_loss,-7.413770318488173,-7.613770318488173,2
AVAX/USDT,2023-10-22,10.09,4.4103072348860275,2023-10-23,10.3927,take_profit,2.9999999999999973,2.799999999999997,1
AVAX/USDT,2023-12-06,26.2,5.894220283533259,2023-12-07,26.986,take_profit,3.0000000000000053,2.800000000000005,1
AVAX/USDT,2024-01-28,34.82,6.5602691392467385,2024-01-29,35.8646,take_profit,3.0000000000000075,2.8000000000000074,1
AVAX/USDT,2024-02-29,40.97,6.0200843823006345,2024-03-01,42.1991,take_profit,3.000000000000006,2.800000000000006,1
AVAX/USDT,2024-04-23,38.3,11.32040283476315,2024-04-24,39.449,take_profit,3.0000000000000027,2.8000000000000025,1
AVAX/USDT,2024-06-27,27.91,7.194042074013411,2024-06-28,28.7473,take_profit,2.9999999999999964,2.7999999999999963,1
AVAX/USDT,2024-08-17,20.7,8.316080055210492,2024-08-18,21.321,take_profit,3.0000000000000107,2.8000000000000105,1
AVAX/USDT,2024-09-09,23.84,6.594558964525407,2024-09-10,24.5552,take_profit,2.9999999999999973,2.799999999999997,1
AVAX/USDT,2024-10-13,29.06,5.795890276275687,2024-10-23,26.533571428571427,stop_loss,-8.693835414413527,-8.893835414413527,10
AVAX/USDT,2024-11-07,27.38,5.713242199728687,2024-11-08,28.2014,take_profit,3.000000000000002,2.800000000000002,1
AVAX/USDT,2025-01-03,41.94,7.406839702977042,2025-01-05,43.1982,take_profit,3.0000000000000053,2.800000000000005,2
AVAX/USDT,2025-01-15,39.82,7.184114228313122,2025-01-17,41.0146,take_profit,3.000000000000003,2.800000000000003,2
AVAX/USDT,2025-02-13,25.39,11.582175209587579,2025-02-14,26.1517,take_profit,3.0000000000000044,2.8000000000000043,1
AVAX/USDT,2025-04-11,19.12,8.222504482964734,2025-04-12,19.6936,take_profit,2.9999999999999947,2.7999999999999945,1
AVAX/USDT,2025-05-09,23.27,5.54668794892259,2025-05-10,23.9681,take_profit,3.000000000000001,2.8000000000000007,1
AVAX/USDT,2025-06-10,22.57,6.335844040762073,2025-06-12,20.425,stop_loss,-9.503766061143109,-9.703766061143108,2
AVAX/USDT,2025-06-28,17.97,5.831147150011922,2025-06-29,18.5091,take_profit,3.000000000000007,2.800000000000007,1
AVAX/USDT,2025-08-12,24.67,5.976026405698072,2025-08-13,25.410100000000003,take_profit,3.0000000000000067,2.8000000000000065,1
AVAX/USDT,2025-08-23,26.26,6.979654009356978,2025-08-25,23.51071428571429,stop_loss,-10.46948101403546,-10.66948101403546,2
AVAX/USDT,2025-08-28,24.93,6.993868546215115,2025-09-03,25.6779,take_profit,3.0000000000000053,2.800000000000005,6
AVAX/USDT,2025-09-08,25.29,4.753431621759023,2025-09-09,26.0487,take_profit,3.000000000000004,2.800000000000004,1
AVAX/USDT,2025-10-26,20.82,6.717442020035682,2025-10-30,18.722142857142856,stop_loss,-10.076163030053527,-10.276163030053526,4
AVAX/USDT,2025-11-07,17.74,8.09711708809792,2025-11-08,18.272199999999998,take_profit,2.999999999999998,2.7999999999999976,1
AVAX/USDT,2025-11-24,13.89,7.919366450683945,2025-11-25,14.306700000000001,take_profit,3.0000000000000036,2.8000000000000034,1
AVAX/USDT,2025-12-22,12.42,6.400966183574878,2025-12-27,12.7926,take_profit,3.000000000000002,2.800000000000002,5
AVAX/USDT,2026-02-13,9.14,8.776180056267584,2026-02-14,9.414200000000001,take_profit,3.000000000000005,2.8000000000000047,1
AVAX/USDT,2026-04-07,9.43,5.537039842448114,2026-04-16,9.7129,take_profit,2.9999999999999973,2.799999999999997,9
AVAX/USDT,2026-05-06,9.61,3.04742084138546,2026-05-08,9.898299999999999,take_profit,2.9999999999999956,2.7999999999999954,2
AVAX/USDT,2026-06-16,6.88,6.532392026578073,2026-06-19,6.205857142857143,stop_loss,-9.798588039867106,-9.998588039867105,3
LINK/USDT,2020-02-07,3.3072,5.111358767019143,2020-02-08,3.406416,take_profit,3.0000000000000058,2.8000000000000056,1
LINK/USDT,2020-03-04,4.6406,9.833703769832715,2020-03-05,4.779818000000001,take_profit,3.000000000000011,2.800000000000011,1
LINK/USDT,2020-04-29,3.8879,7.138447858373779,2020-05-09,4.004537,take_profit,2.999999999999997,2.7999999999999967,10
LINK/USDT,2020-05-20,4.0866,6.4561179045102115,2020-05-30,4.1763,time_stop,2.1949787109088374,1.9949787109088375,10
LINK/USDT,2020-05-22,4.0611,7.0911470150592555,2020-05-31,4.182933,take_profit,3.000000000000013,2.8000000000000127,9
LINK/USDT,2020-05-30,4.1763,5.018625509251182,2020-06-01,4.301589000000001,take_profit,3.0000000000000098,2.8000000000000096,2
LINK/USDT,2020-06-22,4.4841,4.811444883031158,2020-06-23,4.6186229999999995,take_profit,2.999999999999994,2.7999999999999936,1
LINK/USDT,2020-08-03,9.2502,8.217196848253474,2020-08-04,9.527706,take_profit,3.0000000000000075,2.8000000000000074,1
LINK/USDT,2020-11-07,11.7638,8.660284699064686,2020-11-08,12.116714,take_profit,3.0000000000000018,2.8000000000000016,1
LINK/USDT,2020-12-17,13.444,7.15486462362392,2020-12-18,13.847320000000002,take_profit,3.0000000000000058,2.8000000000000056,1
LINK/USDT,2021-02-05,26.3034,9.874986286400777,2021-02-09,27.092502,take_profit,2.999999999999999,2.799999999999999,4
LINK/USDT,2021-02-09,27.6034,9.002747073600661,2021-02-10,28.431502000000002,take_profit,3.0000000000000044,2.8000000000000043,1
LINK/USDT,2021-03-08,31.8469,11.926457968772917,2021-03-18,29.3949,time_stop,-7.699336513130012,-7.899336513130012,10
LINK/USDT,2021-03-31,29.4167,7.158033167748738,2021-04-01,30.299201,take_profit,3.000000000000005,2.8000000000000047,1
LINK/USDT,2021-05-01,41.257,11.890380506857715,2021-05-03,42.49471,take_profit,3.0,2.8,2
LINK/USDT,2021-07-22,16.071,8.020658328666538,2021-07-23,16.553130000000003,take_profit,3.000000000000009,2.8000000000000087,1
LINK/USDT,2021-08-20,28.678,8.748617656142589,2021-08-26,24.914607142857143,stop_loss,-13.122926484213885,-13.322926484213884,6
LINK/USDT,2021-09-02,29.95,7.268065823992368,2021-09-03,30.8485,take_profit,3.0000000000000067,2.8000000000000065,1
LINK/USDT,2021-10-02,26.89,10.155129363013332,2021-10-03,27.6967,take_profit,2.9999999999999973,2.799999999999997,1
LINK/USDT,2021-10-14,26.72,7.498396065012833,2021-10-16,27.5216,take_profit,3.0000000000000018,2.8000000000000016,2
LINK/USDT,2022-02-03,16.3,11.709027169149866,2022-02-04,16.789,take_profit,3.000000000000005,2.8000000000000047,1
LINK/USDT,2022-02-28,15.13,9.531677839675194,2022-03-01,15.583900000000002,take_profit,3.0000000000000053,2.800000000000005,1
LINK/USDT,2022-03-09,14.01,9.100642398286936,2022-03-16,14.4303,take_profit,3.000000000000007,2.800000000000007,7
LINK/USDT,2022-07-04,6.43,8.487002888247059,2022-07-07,6.6229,take_profit,2.999999999999998,2.7999999999999976,3
LINK/USDT,2022-09-04,7.156,6.156671724027792,2022-09-05,7.37068,take_profit,3.000000000000006,2.800000000000006,1
LINK/USDT,2022-09-25,7.865,7.713195895014079,2022-09-27,8.100950000000001,take_profit,3.0000000000000098,2.8000000000000096,2
LINK/USDT,2022-10-05,7.875,6.288435374149656,2022-10-11,7.132178571428572,stop_loss,-9.432653061224485,-9.632653061224485,6
LINK/USDT,2022-10-26,7.157,5.218667039262259,2022-10-29,7.37171,take_profit,3.000000000000002,2.800000000000002,3
LINK/USDT,2022-11-24,6.831,7.714829453959887,2022-11-26,7.0359300000000005,take_profit,3.0000000000000004,2.8000000000000003,2
LINK/USDT,2023-01-03,5.621,3.1578011030065816,2023-01-04,5.789630000000001,take_profit,3.000000000000005,2.8000000000000047,1
LINK/USDT,2023-02-17,7.65,5.76844070961718,2023-02-18,7.8795,take_profit,2.9999999999999973,2.799999999999997,1
LINK/USDT,2023-03-17,7.207,6.123015322404809,2023-03-20,7.42321,take_profit,3.0000000000000036,2.8000000000000034,3
LINK/USDT,2023-04-14,7.743,3.689046327558533,2023-04-15,7.97529,take_profit,2.9999999999999987,2.7999999999999985,1
LINK/USDT,2023-05-17,6.758,4.318691075127893,2023-05-24,6.320214285714285,stop_loss,-6.478036612691845,-6.678036612691845,7
LINK/USDT,2023-05-27,6.438,3.1587005724936765,2023-05-28,6.63114,take_profit,3.0000000000000084,2.8000000000000083,1
LINK/USDT,2023-06-21,5.556,5.628406870307512,2023-06-22,5.72268,take_profit,3.0000000000000067,2.8000000000000065,1
LINK/USDT,2023-07-13,7.124,4.620197320927248,2023-07-14,7.33772,take_profit,3.000000000000005,2.8000000000000047,1
LINK/USDT,2023-09-02,5.972,4.167065352597836,2023-09-04,6.151160000000001,take_profit,3.0000000000000067,2.8000000000000065,2
LINK/USDT,2023-10-21,8.914,4.685246321997498,2023-10-22,9.18142,take_profit,2.999999999999995,2.799999999999995,1
LINK/USDT,2023-12-04,15.813,5.974740493807085,2023-12-08,16.287390000000002,take_profit,3.000000000000009,2.8000000000000087,4
LINK/USDT,2023-12-08,16.925,5.842160793416333,2023-12-11,15.441821428571428,stop_loss,-8.763241190124505,-8.963241190124505,3
LINK/USDT,2023-12-24,15.262,6.993560102589064,2023-12-25,15.71986,take_profit,3.000000000000001,2.8000000000000007,1
LINK/USDT,2024-01-14,14.755,8.669700343709154,2024-01-15,15.197650000000001,take_profit,3.0000000000000027,2.8000000000000025,1
LINK/USDT,2024-01-30,15.475,6.219247634433417,2024-01-31,15.93925,take_profit,2.9999999999999987,2.7999999999999985,1
LINK/USDT,2024-03-02,21.398,5.304901659701177,2024-03-03,19.695285714285713,stop_loss,-7.957352489551764,-8.157352489551764,1
LINK/USDT,2024-03-10,21.68,7.818265682656827,2024-03-11,22.3304,take_profit,3.0000000000000053,2.800000000000005,1
LINK/USDT,2024-03-26,20.007,7.353854722275775,2024-04-02,17.80007142857143,stop_loss,-11.030782083413653,-11.230782083413652,7
LINK/USDT,2024-04-22,15.445,9.633723350136432,2024-04-30,13.213107142857144,stop_loss,-14.450585025204637,-14.650585025204636,8
LINK/USDT,2024-06-28,13.778,5.744665408622443,2024-06-30,14.19134,take_profit,2.9999999999999987,2.7999999999999985,2
LINK/USDT,2024-07-12,12.74,7.06043956043956,2024-07-13,13.122200000000001,take_profit,3.0000000000000075,2.8000000000000074,1
LINK/USDT,2024-08-15,10.17,10.12080348363534,2024-08-18,10.4751,take_profit,2.999999999999995,2.799999999999995,3
LINK/USDT,2024-09-10,10.58,5.758844180394275,2024-09-13,10.897400000000001,take_profit,3.0000000000000098,2.8000000000000096,3
LINK/USDT,2024-10-15,11.45,4.822208359326265,2024-10-20,11.7935,take_profit,3.0000000000000053,2.800000000000005,5
LINK/USDT,2024-10-29,11.8,5.278450363196123,2024-10-30,12.154000000000002,take_profit,3.000000000000008,2.800000000000008,1
LINK/USDT,2024-11-07,12.59,6.150005673436966,2024-11-08,12.9677,take_profit,3.0000000000000067,2.8000000000000065,1
LINK/USDT,2025-01-06,23.83,7.1158803429051005,2025-01-07,21.28642857142857,stop_loss,-10.673820514357656,-10.873820514357655,1
LINK/USDT,2025-01-16,23.03,7.328949817008869,2025-01-17,23.7209,take_profit,2.9999999999999964,2.7999999999999963,1
LINK/USDT,2025-02-17,19.12,7.527644949193067,2025-02-24,16.96107142857143,stop_loss,-11.2914674237896,-11.491467423789599,7
LINK/USDT,2025-02-20,18.28,7.142857142857142,2025-02-21,18.828400000000002,take_profit,3.000000000000005,2.8000000000000047,1
LINK/USDT,2025-02-23,17.62,7.000972920382681,2025-02-24,15.769642857142859,stop_loss,-10.501459380574017,-10.701459380574017,1
LINK/USDT,2025-03-02,17.42,8.389371822207641,2025-03-03,15.227857142857145,stop_loss,-12.584057733311461,-12.78405773331146,1
LINK/USDT,2025-03-05,16.43,10.303451873750108,2025-03-06,16.9229,take_profit,2.9999999999999925,2.7999999999999923,1
LINK/USDT,2025-04-12,13.15,8.810429114611626,2025-04-20,13.544500000000001,take_profit,3.0000000000000053,2.800000000000005,8
LINK/USDT,2025-05-08,15.88,5.00629722921914,2025-05-09,16.3564,take_profit,2.9999999999999996,2.7999999999999994,1
LINK/USDT,2025-06-10,15.45,5.501618122977344,2025-06-12,14.175,stop_loss,-8.25242718446601,-8.452427184466009,2
LINK/USDT,2025-06-25,13.13,6.9198128604069185,2025-06-26,13.523900000000001,take_profit,3.0000000000000027,2.8000000000000025,1
LINK/USDT,2025-08-08,19.89,5.964950082597142,2025-08-09,20.486700000000003,take_profit,3.0000000000000098,2.8000000000000096,1
LINK/USDT,2025-09-12,25.13,4.237962594508555,2025-09-15,23.5325,stop_loss,-6.356943891762834,-6.556943891762834,3
LINK/USDT,2025-10-02,22.77,5.33283141978794,2025-10-06,23.4531,take_profit,2.9999999999999982,2.799999999999998,4
LINK/USDT,2025-10-24,17.89,8.612153637307355,2025-10-26,18.4267,take_profit,2.9999999999999987,2.7999999999999985,2
LINK/USDT,2025-11-10,16.36,8.133950401676568,2025-11-13,14.36392857142857,stop_loss,-12.200925602514852,-12.400925602514851,3
LINK/USDT,2025-11-25,13.09,8.059587471352177,2025-11-26,13.4827,take_profit,2.9999999999999973,2.799999999999997,1
LINK/USDT,2025-12-28,12.5,5.148571428571428,2025-12-29,12.875,take_profit,3.0,2.8,1
LINK/USDT,2026-02-14,9.09,8.345120226308342,2026-02-24,8.19,time_stop,-9.900990099009906,-10.100990099009906,10
LINK/USDT,2026-03-25,9.37,4.764445799664582,2026-03-27,8.700357142857142,stop_loss,-7.14666869949688,-7.34666869949688,2
LTC/USDT,2019-01-25,32.69,6.340951798278202,2019-01-26,33.6707,take_profit,2.9999999999999964,2.7999999999999963,1
LTC/USDT,2019-02-01,32.65,6.055567709472767,2019-02-02,33.6295,take_profit,3.000000000000005,2.8000000000000047,1
LTC/USDT,2019-03-06,55.37,7.581464950076114,2019-03-07,57.0311,take_profit,3.0000000000000084,2.8000000000000083,1
LTC/USDT,2019-04-02,76.78,4.43660923603617,2019-04-03,79.0834,take_profit,2.999999999999995,2.799999999999995,1
LTC/USDT,2019-05-10,77.11,5.930303647850009,2019-05-11,79.4233,take_profit,2.9999999999999973,2.799999999999997,1
LTC/USDT,2019-05-24,100.5,10.200426439232412,2019-05-25,103.515,take_profit,3.0000000000000004,2.8000000000000003,1
LTC/USDT,2019-06-10,129.15,7.521707870139925,2019-06-11,133.02450000000002,take_profit,3.000000000000009,2.8000000000000087,1
LTC/USDT,2019-07-24,94.5,11.589569160997732,2019-07-31,97.33500000000001,take_profit,3.0000000000000084,2.8000000000000083,7
LTC/USDT,2019-08-11,89.93,7.358898190656222,2019-08-14,80.0032142857143,stop_loss,-11.038347285984337,-11.238347285984336,3
LTC/USDT,2019-08-24,73.32,6.646013560907177,2019-08-28,66.01071428571427,stop_loss,-9.969020341360778,-10.169020341360778,4
LTC/USDT,2019-09-02,66.92,6.025318077021603,2019-09-03,68.9276,take_profit,2.9999999999999947,2.7999999999999945,1
LTC/USDT,2019-10-07,57.46,7.605290636964844,2019-10-09,59.183800000000005,take_profit,3.000000000000007,2.800000000000007,2
LTC/USDT,2019-10-25,56.93,5.779026875109786,2019-10-26,58.6379,take_profit,3.0000000000000036,2.8000000000000034,1
LTC/USDT,2019-12-07,45.15,6.185730105995889,2019-12-16,40.96071428571428,stop_loss,-9.278595158993836,-9.478595158993835,9
LTC/USDT,2019-12-22,41.82,5.149620823939331,2019-12-28,43.074600000000004,take_profit,3.000000000000008,2.800000000000008,6
LTC/USDT,2020-01-30,67.98,6.884377758164163,2020-01-31,70.0194,take_profit,3.0000000000000004,2.8000000000000003,1
LTC/USDT,2020-05-28,44.77,4.481636299818118,2020-05-30,46.1131,take_profit,2.999999999999999,2.799999999999999,2
LTC/USDT,2020-07-06,44.06,3.9345697425588475,2020-07-08,45.381800000000005,take_profit,3.000000000000007,2.800000000000007,2
LTC/USDT,2020-07-22,44.96,3.6540416878495185,2020-07-25,46.308800000000005,take_profit,3.0000000000000093,2.800000000000009,3
LTC/USDT,2020-08-17,67.22,6.45747439112509,2020-08-19,60.70892857142857,stop_loss,-9.686211586687634,-9.886211586687633,2
LTC/USDT,2020-09-18,48.54,5.830243098475487,2020-09-21,44.295,stop_loss,-8.74536464771322,-8.94536464771322,3
LTC/USDT,2020-09-26,46.03,5.479345768287764,2020-10-01,47.410900000000005,take_profit,3.0000000000000084,2.8000000000000083,5
LTC/USDT,2020-10-21,52.98,4.724154667529526,2020-10-22,54.5694,take_profit,3.0000000000000093,2.800000000000009,1
LTC/USDT,2020-11-06,63.2,6.079339963833634,2020-11-07,57.43678571428571,stop_loss,-9.11900994575046,-9.319009945750459,1
LTC/USDT,2020-12-02,88.9,11.687289088863892,2020-12-09,73.315,stop_loss,-17.530933633295845,-17.730933633295844,7
LTC/USDT,2020-12-16,92.94,7.499462018506565,2020-12-17,95.7282,take_profit,3.0000000000000036,2.8000000000000034,1
LTC/USDT,2021-02-03,155.93,8.580315342965248,2021-02-06,160.6079,take_profit,2.999999999999996,2.799999999999996,3
LTC/USDT,2021-03-09,203.81,8.288181569669229,2021-03-12,209.92430000000002,take_profit,3.0000000000000067,2.8000000000000065,3
LTC/USDT,2021-03-31,196.7,5.8014380129275915,2021-04-01,202.601,take_profit,3.0000000000000053,2.800000000000005,1
LTC/USDT,2021-05-03,294.87,8.963271950351002,2021-05-04,303.71610000000004,take_profit,3.000000000000012,2.800000000000012,1
LTC/USDT,2021-06-28,137.69,10.590041812352803,2021-06-29,141.8207,take_profit,2.999999999999993,2.7999999999999927,1
LTC/USDT,2021-07-23,124.24,6.508140925397847,2021-07-25,127.96719999999999,take_profit,2.9999999999999973,2.799999999999997,2
LTC/USDT,2021-09-03,212.9,5.913909951016572,2021-09-04,219.287,take_profit,3.0000000000000004,2.8000000000000003,1
LTC/USDT,2021-10-02,168.9,7.751839634610505,2021-10-03,173.967,take_profit,3.000000000000004,2.800000000000004,1
LTC/USDT,2021-11-03,207.3,6.536420646406175,2021-11-08,213.519,take_profit,2.9999999999999973,2.799999999999997,5
LTC/USDT,2021-11-08,229.0,5.789145352464129,2021-11-09,235.87,take_profit,3.0000000000000018,2.8000000000000016,1
LTC/USDT,2021-12-19,153.2,8.154606490115633,2021-12-22,157.796,take_profit,3.0000000000000027,2.8000000000000025,3
LTC/USDT,2022-01-12,141.9,6.0404711567502245,2022-01-14,146.157,take_profit,3.0000000000000036,2.8000000000000034,2
LTC/USDT,2022-02-01,115.0,8.844720496894412,2022-02-04,118.45,take_profit,3.000000000000002,2.800000000000002,3
LTC/USDT,2022-03-02,110.3,8.722963346716748,2022-03-12,105.6,time_stop,-4.261106074342704,-4.4611060743427045,10
LTC/USDT,2022-03-10,102.5,7.721254355400697,2022-03-11,105.575,take_profit,3.0000000000000027,2.8000000000000025,1
LTC/USDT,2022-05-04,106.3,5.368902029297137,2022-05-05,97.73928571428571,stop_loss,-8.053353043945705,-8.253353043945705,1
LTC/USDT,2022-06-19,54.29,11.133331579085862,2022-06-23,55.9187,take_profit,3.0000000000000036,2.8000000000000034,4
LTC/USDT,2022-09-02,60.99,5.996299159112735,2022-09-06,55.504285714285714,stop_loss,-8.994448738669107,-9.194448738669106,4
LTC/USDT,2022-10-03,54.17,5.193966085603525,2022-10-13,49.949642857142855,stop_loss,-7.790949128405292,-7.990949128405292,10
LTC/USDT,2022-10-18,51.86,3.2835656437661833,2022-10-23,53.4158,take_profit,2.9999999999999956,2.7999999999999954,5
LTC/USDT,2022-10-20,51.22,3.197690634238859,2022-10-23,52.7566,take_profit,3.0,2.8,3
LTC/USDT,2022-11-19,63.98,9.79770463984281,2022-11-22,65.8994,take_profit,3.000000000000005,2.8000000000000047,3
LTC/USDT,2022-12-31,70.14,4.115238909935232,2023-01-02,72.2442,take_profit,3.000000000000008,2.800000000000008,2
LTC/USDT,2023-01-29,94.84,5.3819967463999525,2023-02-01,97.68520000000001,take_profit,3.0000000000000058,2.8000000000000056,3
LTC/USDT,2023-01-31,94.09,5.623035695306926,2023-02-01,96.9127,take_profit,2.9999999999999973,2.799999999999997,1
LTC/USDT,2023-03-17,85.51,8.164458626392898,2023-03-22,88.07530000000001,take_profit,3.000000000000009,2.8000000000000087,5
LTC/USDT,2023-04-10,93.78,4.106114614751852,2023-04-11,96.5934,take_profit,3.0000000000000018,2.8000000000000016,1
LTC/USDT,2023-05-15,86.89,5.047432714598096,2023-05-16,89.4967,take_profit,3.000000000000004,2.800000000000004,1
LTC/USDT,2023-06-21,85.05,5.267489711934158,2023-06-22,87.6015,take_profit,3.000000000000005,2.8000000000000047,1
LTC/USDT,2023-08-01,93.94,3.850482070622589,2023-08-02,88.5142857142857,stop_loss,-5.775723105933886,-5.975723105933886,1
LTC/USDT,2023-08-28,65.52,6.212933891505322,2023-08-29,67.48559999999999,take_profit,2.9999999999999925,2.7999999999999923,1
LTC/USDT,2023-10-21,64.75,3.1947049089906225,2023-10-23,66.6925,take_profit,2.999999999999993,2.7999999999999927,2
LTC/USDT,2023-12-02,72.2,3.5813217253660468,2023-12-04,74.366,take_profit,2.9999999999999956,2.7999999999999954,2
LTC/USDT,2023-12-27,75.98,3.851577482796223,2023-12-31,71.59035714285714,stop_loss,-5.77736622419434,-5.97736622419434,4
LTC/USDT,2024-01-11,71.88,6.498926782733127,2024-01-12,74.0364,take_profit,3.000000000000007,2.800000000000007,1
LTC/USDT,2024-01-29,68.43,4.0197490657815065,2024-02-08,70.48290000000001,take_profit,3.0000000000000115,2.8000000000000114,10
LTC/USDT,2024-02-01,67.54,4.0727188121324875,2024-02-08,69.56620000000001,take_profit,3.000000000000004,2.800000000000004,7
LTC/USDT,2024-02-26,71.93,3.37629838533495,2024-02-27,74.0879,take_profit,2.999999999999997,2.7999999999999967,1
LTC/USDT,2024-03-27,93.55,7.685729556386961,2024-03-28,96.3565,take_profit,3.0,2.8,1
LTC/USDT,2024-04-26,88.1,6.322360953461974,2024-04-30,79.74499999999999,stop_loss,-9.483541430192968,-9.683541430192967,4
LTC/USDT,2024-05-04,81.66,4.747909450334138,2024-05-06,84.10979999999999,take_profit,2.9999999999999956,2.7999999999999954,2
LTC/USDT,2024-06-06,84.19,2.5257495800315635,2024-06-07,81.00035714285714,stop_loss,-3.788624370047342,-3.9886243700473423,1
LTC/USDT,2024-06-29,74.95,3.9350042885733334,2024-07-04,70.52607142857143,stop_loss,-5.902506432860007,-6.102506432860007,5
LTC/USDT,2024-07-12,69.25,5.815368746776685,2024-07-15,71.3275,take_profit,3.000000000000001,2.8000000000000007,3
LTC/USDT,2024-08-13,63.44,7.055035128805623,2024-08-15,65.3432,take_profit,2.9999999999999973,2.799999999999997,2
LTC/USDT,2024-08-30,64.94,4.38646662853623,2024-09-05,66.8882,take_profit,3.0,2.8,6
LTC/USDT,2024-09-13,64.91,4.191517925919403,2024-09-21,66.8573,take_profit,2.999999999999998,2.7999999999999976,8
LTC/USDT,2024-10-15,70.87,3.3915216996915896,2024-10-16,72.99610000000001,take_profit,3.0000000000000115,2.8000000000000114,1
LTC/USDT,2024-10-29,73.98,4.194183756227552,2024-10-31,69.32571428571428,stop_loss,-6.291275634341336,-6.491275634341336,2
LTC/USDT,2024-11-08,72.78,4.288854865936483,2024-11-10,74.96340000000001,take_profit,3.000000000000008,2.800000000000008,2
LTC/USDT,2025-01-03,112.71,5.9412905433666685,2025-01-05,116.09129999999999,take_profit,2.999999999999997,2.7999999999999967,2
LTC/USDT,2025-01-15,116.96,6.194425444596445,2025-01-16,120.4688,take_profit,3.0000000000000067,2.8000000000000065,1
LTC/USDT,2025-01-30,130.15,9.209703089841392,2025-01-31,134.05450000000002,take_profit,3.0000000000000098,2.8000000000000096,1
LTC/USDT,2025-02-11,119.27,10.603193235036953,2025-02-12,122.8481,take_profit,3.0000000000000053,2.800000000000005,1
LTC/USDT,2025-03-20,93.29,7.044086795399903,2025-03-26,96.0887,take_profit,2.999999999999996,2.799999999999996,6
LTC/USDT,2025-04-04,84.41,4.940172965288473,2025-04-06,78.155,stop_loss,-7.410259447932704,-7.610259447932704,2
LTC/USDT,2025-04-12,78.62,7.801540865646691,2025-04-21,80.9786,take_profit,2.9999999999999942,2.799999999999994,9
LTC/USDT,2025-06-10,93.33,4.5805207328833175,2025-06-12,86.9175,stop_loss,-6.87078109932497,-7.07078109932497,2
LTC/USDT,2025-06-25,84.67,4.574060638782503,2025-06-28,87.2101,take_profit,2.9999999999999942,2.799999999999994,3
LTC/USDT,2025-08-05,120.27,6.029885139388756,2025-08-08,123.8781,take_profit,3.000000000000006,2.800000000000006,3
LTC/USDT,2025-09-08,112.75,3.3721887868229325,2025-09-10,116.13250000000001,take_profit,3.0000000000000067,2.8000000000000065,2
LTC/USDT,2025-10-01,115.1,4.021968474618342,2025-10-02,118.553,take_profit,3.0000000000000027,2.8000000000000025,1
LTC/USDT,2025-10-25,96.97,5.7852944209549335,2025-10-26,99.87910000000001,take_profit,3.0000000000000098,2.8000000000000096,1
LTC/USDT,2025-11-07,101.87,7.731141931593485,2025-11-08,104.9261,take_profit,3.0000000000000004,2.8000000000000003,1
LTC/USDT,2025-12-04,83.54,5.20024624645166,2025-12-09,86.04620000000001,take_profit,3.000000000000008,2.800000000000008,5
LTC/USDT,2025-12-22,77.05,5.237786224158712,2025-12-27,79.36149999999999,take_profit,2.999999999999994,2.7999999999999936,5
LTC/USDT,2026-02-13,55.03,8.487578204096472,2026-02-23,51.35,time_stop,-6.687261493730692,-6.887261493730692,10
LTC/USDT,2026-04-07,55.36,3.05532617671346,2026-04-13,52.82285714285714,stop_loss,-4.582989265070196,-4.782989265070197,6
DOGE/USDT,2020-08-04,0.0035458,6.112865925884144,2020-08-14,0.0035731,time_stop,0.7699249816684547,0.5699249816684546,10
DOGE/USDT,2020-09-15,0.0028278,5.679326685055522,2020-09-21,0.0025869,stop_loss,-8.518990027583282,-8.718990027583281,6
DOGE/USDT,2020-09-25,0.0027015,3.566801512387298,2020-10-02,0.0025569642857142857,stop_loss,-5.350202268580945,-5.550202268580946,7
DOGE/USDT,2020-11-05,0.0026347,3.582950620564013,2020-11-06,0.002713741,take_profit,3.000000000000007,2.800000000000007,1
DOGE/USDT,2020-12-17,0.003722,5.07580409917863,2020-12-18,0.00383366,take_profit,2.999999999999999,2.799999999999999,1
DOGE/USDT,2021-01-28,0.0364995,7.837602472049521,2021-01-29,0.032208471428571424,stop_loss,-11.756403708074286,-11.956403708074285,1
DOGE/USDT,2021-03-09,0.0579117,9.501201212979666,2021-03-13,0.05964905100000001,take_profit,3.0000000000000084,2.8000000000000083,4
DOGE/USDT,2021-04-01,0.062151,6.51135368468959,2021-04-03,0.05608069285714286,stop_loss,-9.767030527034384,-9.967030527034384,2
DOGE/USDT,2021-07-21,0.19046,11.214953271028042,2021-07-22,0.19617379999999998,take_profit,2.9999999999999956,2.7999999999999954,1
DOGE/USDT,2021-10-01,0.2226,7.4252342446412545,2021-10-04,0.229278,take_profit,3.000000000000008,2.800000000000008,3
DOGE/USDT,2021-12-14,0.1909,11.778792187383077,2021-12-24,0.1862,time_stop,-2.46202200104766,-2.66202200104766,10
DOGE/USDT,2022-01-13,0.1717,6.8350112322156615,2022-01-14,0.176851,take_profit,3.0000000000000098,2.8000000000000096,1
DOGE/USDT,2022-02-01,0.1423,8.186929023190448,2022-02-02,0.146569,take_profit,2.9999999999999964,2.7999999999999963,1
DOGE/USDT,2022-03-02,0.133,7.2986036519871105,2022-03-07,0.11843928571428572,stop_loss,-10.947905477980667,-11.147905477980666,5
DOGE/USDT,2022-03-16,0.1171,5.660607539343665,2022-03-19,0.120613,take_profit,3.0000000000000018,2.8000000000000016,3
DOGE/USDT,2022-05-24,0.0837,11.827956989247316,2022-05-27,0.086211,take_profit,2.999999999999999,2.799999999999999,3
DOGE/USDT,2022-06-21,0.06581,11.905485488527589,2022-06-24,0.06778429999999999,take_profit,2.999999999999998,2.7999999999999976,3
DOGE/USDT,2022-07-18,0.06756,5.616171868392123,2022-07-19,0.06958679999999999,take_profit,2.9999999999999933,2.799999999999993,1
DOGE/USDT,2022-07-27,0.06721,6.398920228707469,2022-07-28,0.0692263,take_profit,2.999999999999998,2.7999999999999976,1
DOGE/USDT,2022-09-09,0.06385,5.059850095088944,2022-09-15,0.05900392857142857,stop_loss,-7.589775142633415,-7.789775142633415,6
DOGE/USDT,2022-09-16,0.06046,5.374273427531788,2022-09-17,0.062273800000000004,take_profit,3.000000000000007,2.800000000000007,1
DOGE/USDT,2022-09-23,0.06337,5.401384161049626,2022-09-24,0.0652711,take_profit,3.000000000000005,2.8000000000000047,1
DOGE/USDT,2022-10-23,0.06038,3.957081341977008,2022-10-25,0.06219140000000001,take_profit,3.0000000000000075,2.8000000000000074,2
DOGE/USDT,2022-11-27,0.09868,7.691528171868671,2022-11-29,0.1016404,take_profit,3.0000000000000018,2.8000000000000016,2
DOGE/USDT,2023-01-03,0.07049,4.9297772733721175,2023-01-04,0.0726047,take_profit,2.999999999999996,2.799999999999996,1
DOGE/USDT,2023-02-20,0.08829,5.8233419089688265,2023-02-24,0.08057785714285713,stop_loss,-8.735012863453237,-8.935012863453236,4
DOGE/USDT,2023-03-15,0.06963,7.150037955725162,2023-03-16,0.0717189,take_profit,3.0000000000000067,2.8000000000000065,1
DOGE/USDT,2023-04-13,0.08729,8.785984321555409,2023-04-14,0.08990870000000001,take_profit,3.0000000000000018,2.8000000000000016,1
DOGE/USDT,2023-05-17,0.07483,4.1894961913671045,2023-05-24,0.0701275,stop_loss,-6.284244287050647,-6.484244287050648,7
DOGE/USDT,2023-06-20,0.06313,5.787377520309571,2023-06-21,0.06502390000000001,take_profit,3.0000000000000058,2.8000000000000056,1
DOGE/USDT,2023-07-13,0.07042,4.7713717693837,2023-07-14,0.0725326,take_profit,3.000000000000009,2.8000000000000087,1
DOGE/USDT,2023-08-29,0.0664,5.177495697074019,2023-09-08,0.06371,time_stop,-4.051204819277105,-4.251204819277105,10
DOGE/USDT,2023-09-14,0.06208,2.9765740058910186,2023-09-24,0.06069,time_stop,-2.2390463917525807,-2.439046391752581,10
DOGE/USDT,2023-10-19,0.05887,2.6499065738067,2023-10-21,0.0606361,take_profit,2.9999999999999996,2.7999999999999994,2
DOGE/USDT,2023-11-16,0.07947,6.59188552733287,2023-11-17,0.0818541,take_profit,3.0000000000000004,2.8000000000000003,1
DOGE/USDT,2023-11-30,0.08343,5.512748069382376,2023-12-02,0.0859329,take_profit,3.0000000000000027,2.8000000000000025,2
DOGE/USDT,2024-01-20,0.08777,6.252543172903209,2024-01-21,0.0904031,take_profit,2.999999999999999,2.799999999999999,1
DOGE/USDT,2024-03-26,0.1823,11.319645795784032,2024-03-27,0.187769,take_profit,3.000000000000001,2.8000000000000007,1
DOGE/USDT,2024-05-04,0.16012,6.883230434317124,2024-05-06,0.1649236,take_profit,2.9999999999999942,2.799999999999994,2
DOGE/USDT,2024-06-27,0.12711,6.034143655101882,2024-07-04,0.115605,stop_loss,-9.051215482652822,-9.251215482652821,7
DOGE/USDT,2024-07-12,0.10769,6.967088070254573,2024-07-13,0.1109207,take_profit,3.000000000000003,2.800000000000003,1
DOGE/USDT,2024-08-17,0.10275,8.303093500173796,2024-08-21,0.1058325,take_profit,3.0000000000000018,2.8000000000000016,4
DOGE/USDT,2024-09-09,0.10376,5.74264786870801,2024-09-13,0.1068728,take_profit,2.9999999999999987,2.7999999999999985,4
DOGE/USDT,2024-10-14,0.11669,5.2801684561047,2024-10-16,0.12019070000000001,take_profit,3.000000000000008,2.800000000000008,2
DOGE/USDT,2024-11-05,0.16999,8.155941946164905,2024-11-06,0.17508970000000001,take_profit,3.000000000000007,2.800000000000007,1
DOGE/USDT,2025-01-02,0.33893,7.200812641464103,2025-01-03,0.3490979,take_profit,3.0000000000000018,2.8000000000000016,1
DOGE/USDT,2025-01-14,0.35591,7.650810598184936,2025-01-15,0.3665873,take_profit,3.0000000000000004,2.8000000000000003,1
DOGE/USDT,2025-02-14,0.2718,10.729265216020185,2025-02-15,0.279954,take_profit,2.9999999999999982,2.799999999999998,1
DOGE/USDT,2025-03-02,0.23931,7.538339392419875,2025-03-03,0.21225,stop_loss,-11.30750908862981,-11.50750908862981,1
DOGE/USDT,2025-03-05,0.20471,10.13559251065968,2025-03-06,0.21085130000000002,take_profit,3.000000000000008,2.800000000000008,1
DOGE/USDT,2025-04-11,0.16004,9.134323561966658,2025-04-12,0.1648412,take_profit,3.0000000000000036,2.8000000000000034,1
DOGE/USDT,2025-05-08,0.19817,4.821978243787804,2025-05-09,0.20411510000000002,take_profit,3.000000000000004,2.800000000000004,1
DOGE/USDT,2025-06-27,0.16104,5.924437584273654,2025-06-29,0.1658712,take_profit,3.000000000000005,2.8000000000000047,2
DOGE/USDT,2025-08-09,0.23995,6.431101717619746,2025-08-13,0.2471485,take_profit,2.9999999999999987,2.7999999999999985,4
DOGE/USDT,2025-08-23,0.23631,7.744367265758664,2025-08-24,0.24339929999999999,take_profit,2.9999999999999973,2.799999999999997,1
DOGE/USDT,2025-09-07,0.22877,5.1561455985112925,2025-09-08,0.2356331,take_profit,3.000000000000005,2.8000000000000047,1
DOGE/USDT,2025-10-03,0.25819,5.492356127547268,2025-10-06,0.2659357,take_profit,3.000000000000009,2.8000000000000087,3
DOGE/USDT,2025-10-24,0.19775,7.597254831135995,2025-10-26,0.20368250000000002,take_profit,3.0000000000000036,2.8000000000000034,2
DOGE/USDT,2025-11-08,0.17605,7.491378261045973,2025-11-09,0.1813315,take_profit,2.999999999999997,2.7999999999999967,1
DOGE/USDT,2025-11-15,0.16316,8.430812874303932,2025-11-21,0.14252642857142855,stop_loss,-12.6462193114559,-12.846219311455899,6
DOGE/USDT,2025-11-25,0.15301,7.948593462612158,2025-12-01,0.13476678571428571,stop_loss,-11.922890193918235,-12.122890193918234,6
DOGE/USDT,2025-12-20,0.13194,6.28748998462505,2025-12-30,0.12336,time_stop,-6.502955889040477,-6.702955889040477,10
DOGE/USDT,2026-01-01,0.12683,4.491388923305668,2026-01-02,0.1306349,take_profit,3.0,2.8,1
DOGE/USDT,2026-02-14,0.11104,8.031854672704823,2026-02-15,0.1143712,take_profit,3.0000000000000058,2.8000000000000056,1
DOGE/USDT,2026-03-24,0.0951,5.076611086074808,2026-03-25,0.09795300000000001,take_profit,3.0000000000000084,2.8000000000000083,1
