t,open,high,low,close,volume,macd,sig,hist,cu,cd,ema12,ema26
2026-03-17,10.48,10.55,10.18,10.2,2960054.15,0.167195253155775,0.0058791011836356,0.1613161519721394,False,False,9.736187525701608,9.568992272545833
2026-03-18,10.2,10.36,9.48,9.69,3287751.42,0.1511259446039368,0.03492846986769584,0.11619747473624095,False,False,9.729081752516745,9.577955807912808
2026-03-19,9.68,9.75,9.33,9.48,1361923.8,0.12006166075729574,0.05195510804561582,0.06810655271167992,False,False,9.690761482898784,9.570699822141489
2026-03-20,9.48,9.65,9.41,9.56,1369184.65,0.10073708895998656,0.06171150422848998,0.03902558473149659,False,False,9.670644331683587,9.5699072427236
2026-03-21,9.57,9.64,9.15,9.21,1043822.96,0.05652852599673963,0.06067490858213991,-0.004146382585400281,False,True,9.599775972963036,9.543247446966296
2026-03-22,9.21,9.36,8.87,9.03,1608037.56,0.006889013407338496,0.04991772954717963,-0.04302871613984113,False,False,9.512118130968723,9.505229117561385
2026-03-23,9.03,9.76,8.92,9.56,3004958.69,0.010198352393905097,0.041973854116524725,-0.03177550172261963,False,False,9.51948457235815,9.509286219964245
2026-03-24,9.56,9.65,9.35,9.62,1570023.23,0.017461243595416676,0.037071332012303115,-0.01961008841688644,False,False,9.534948484303051,9.517487240707634
2026-03-25,9.63,9.8,9.56,9.68,1815508.94,0.02773887922514362,0.03520484145487122,-0.007465962229727598,False,False,9.557264102102582,9.529525222877439
2026-03-26,9.69,9.69,8.99,9.11,2063705.57,-0.009995040201426164,0.02616486512361174,-0.036159905325037905,False,False,9.488454240240646,9.498449280442072
2026-03-27,9.1,9.15,8.66,8.79,2101191.0,-0.06497181422279574,0.007937529254330245,-0.07290934347712599,False,False,9.380999741742086,9.445971555964881
2026-03-28,8.79,8.99,8.7,8.75,949852.2,-0.11049524897773999,-0.015749026392083802,-0.09474622258565618,False,False,9.28392285839715,9.39441810737489
2026-03-29,8.76,8.82,8.37,8.6,1116725.08,-0.1568683645381359,-0.04397289402129422,-0.11289547051684168,False,False,9.17870395710528,9.335572321643417
2026-03-30,8.6,9.08,8.56,8.81,1613301.92,-0.174660767161944,-0.07011046864942419,-0.10455029851251982,False,False,9.121980271396776,9.29664103855872
2026-03-31,8.81,9.07,8.69,8.91,1636937.52,-0.1786330396773277,-0.09181498285500489,-0.0868180568223228,False,False,9.089367921951117,9.268000961628445
2026-04-01,8.91,9.48,8.87,9.13,2896821.47,-0.16215965729277215,-0.10588391774255836,-0.056275739550213796,False,False,9.095619010881714,9.257778668174486
2026-04-02,9.13,9.19,8.62,8.75,2611985.21,-0.17771857813344383,-0.12025084982073546,-0.05746772831270837,False,False,9.042446855361451,9.220165433494895
2026-04-03,8.75,9.15,8.73,8.91,1539700.91,-0.17511980012390183,-0.13122463988136873,-0.04389516024253309,False,False,9.022070416075074,9.197190216198976
2026-04-04,8.91,9.11,8.83,8.99,719054.7,-0.16470628686715294,-0.13792096927852557,-0.026785317588627372,False,False,9.017136505909678,9.18184279277683
2026-04-05,8.99,9.09,8.74,9.06,857876.01,-0.14908651110340543,-0.14015407764350155,-0.008932433459903882,False,False,9.023730889615882,9.172817400719287
2026-04-06,9.07,9.66,8.81,8.91,3843829.97,-0.14711561543547447,-0.14154638520189614,-0.005569230233578332,False,False,9.006233829674978,9.153349445110452
2026-04-07,8.9,9.62,8.46,9.43,6882469.21,-0.10241345369637678,-0.13371979890079227,0.0313063452044155,True,False,9.071428625109597,9.173842078805974
2026-04-08,9.43,9.56,9.04,9.05,3286293.67,-0.0965366779327379,-0.12628317470718142,0.02974649677444352,False,False,9.068131913554275,9.164668591487013
2026-04-09,9.05,9.7,8.92,9.37,2920718.2,-0.0653051678280896,-0.11408757333136306,0.048782405503273465,False,False,9.114573157622848,9.179878325450938
2026-04-10,9.37,9.56,9.25,9.39,1997802.09,-0.038496375947490336,-0.09896933385458852,0.06047295790709818,False,False,9.156946517988564,9.195442893936054
2026-04-11,9.39,9.61,9.19,9.38,1639251.72,-0.017851352383516428,-0.08274573756037411,0.06489438517685768,False,False,9.191262438298015,9.209113790681531
2026-04-12,9.37,9.39,8.92,9.03,2241067.22,-0.029393270076887745,-0.07207524406367684,0.04268197398678909,False,False,9.166452832406012,9.1958461024829
2026-04-13,9.04,9.71,8.97,9.66,3419224.2,0.012155293212659402,-0.05522913660840959,0.06738442982106899,False,False,9.24238316588201,9.230227872669351
2026-04-14,9.66,9.71,9.21,9.31,3276040.98,0.01664883660802907,-0.040853541965121865,0.057502378573150936,False,False,9.252785755746316,9.236136919138287
2026-04-15,9.3,9.57,9.26,9.43,2180446.37,0.029552338281231272,-0.026772365915851238,0.056324704197082506,False,False,9.280049485631498,9.250497147350266
2026-04-16,9.44,9.89,9.26,9.73,3911612.9,0.06325676451201723,-0.008766539830277545,0.07202330434229477,False,False,9.34927264168819,9.286015877176172
2026-04-17,9.72,10.01,9.45,9.72,3237491.1,0.0881447706528089,0.010615722266339746,0.07752904838646915,False,False,9.406307619890006,9.318162849237197
2026-04-18,9.72,9.79,9.3,9.33,1985427.01,0.07552831084114686,0.023598239981301172,0.05193007085984569,False,False,9.394567986060775,9.319039675219628
2026-04-19,9.33,9.36,8.96,9.0,2781932.77,0.03845811228966056,0.026570214442973052,0.01188789784668751,False,False,9.333865218974502,9.295407106684841
2026-04-20,9.0,9.44,8.98,9.27,3340913.84,0.030514701888471052,0.027359111932072654,0.0031555899563983983,False,False,9.324039800670732,9.293525098782261
2026-04-21,9.27,9.53,9.17,9.39,2526167.85,0.03351613588311331,0.028590516722280787,0.00492561916083252,False,False,9.334187523644466,9.300671387761353
2026-04-22,9.4,9.68,9.33,9.33,2632701.83,0.030699411680815913,0.029012295713987814,0.0016871159668280997,False,False,9.333543289237625,9.302843877556809
2026-04-23,9.33,9.45,9.16,9.38,2441918.23,0.0321313296228265,0.029636102495755552,0.0024952271270709467,False,False,9.34069047550876,9.308559145885933
2026-04-24,9.39,9.48,9.28,9.4,1285732.01,0.03448247525120607,0.030605377046845655,0.003877098204360413,False,False,9.349815017738182,9.315332542486976
2026-04-25,9.4,9.5,9.28,9.36,988627.53,0.03274069504265853,0.03103244064600823,0.0017082543966502987,False,False,9.351381938086154,9.318641243043496
2026-04-26,9.36,9.55,9.31,9.45,1422096.89,0.038182426274790515,0.03246243777176469,0.005719988503025825,False,False,9.366553947611362,9.328371521336571
2026-04-27,9.46,9.57,9.08,9.27,1959769.48,0.027651789191420306,0.031500308055695814,-0.0038485188642755075,False,True,9.35169949413269,9.32404770494127
2026-04-28,9.26,9.28,9.11,9.17,1238580.9,0.011108961970073494,0.02742203883857135,-0.016313076868497856,False,False,9.323745725804583,9.31263676383451
2026-04-29,9.17,9.45,8.92,9.12,2244269.38,-0.005967144393887125,0.020744202192079658,-0.026711346585966782,False,False,9.292400229526955,9.298367373920842
2026-04-30,9.12,9.23,9.05,9.09,1164480.51,-0.021671020953755615,0.012261157562912604,-0.033932178516668215,False,False,9.261261732676653,9.282932753630408
2026-05-01,9.1,9.27,9.06,9.08,1184996.33,-0.034525385541073206,0.002903848942115442,-0.03742923448318865,False,False,9.23337531226486,9.267900697805933
2026-05-02,9.09,9.25,9.06,9.18,818732.77,-0.03622580924291974,-0.004922082694891594,-0.03130372654802814,False,False,9.225163725762574,9.261389535005494
2026-05-03,9.19,9.2,8.97,9.08,1301199.04,-0.04512242827721025,-0.012962151811355327,-0.03216027646585492,False,False,9.202830844876024,9.247953273153234
2026-05-04,9.08,9.38,8.99,9.18,2651098.82,-0.043601290161316086,-0.01908997948134748,-0.024511310679968607,False,False,9.199318407202789,9.242919697364105
2026-05-05,9.18,9.52,9.17,9.4,1941437.43,-0.02436277693477429,-0.020144538972032843,-0.004218237962741445,False,False,9.23019249840236,9.254555275337134
2026-05-06,9.4,9.78,9.37,9.61,3142945.26,0.007739907524022982,-0.014567649672821679,0.02230755719684466,True,False,9.288624421725073,9.28088451420105
2026-05-07,9.61,9.7,9.37,9.5,2245294.05,0.024028450532778578,-0.006848429631701627,0.030876880164480206,False,False,9.321143741459677,9.297115290926898
2026-05-08,9.51,10.02,9.43,9.91,2762743.15,0.06922285373869563,0.008365827042377826,0.060857026696317804,False,False,9.411737012004343,9.342514158265647
2026-05-09,9.91,10.12,9.8,9.97,1852146.85,0.10862903455542572,0.028418468544987408,0.08021056601043831,False,False,9.497623625542136,9.38899459098671
2026-05-10,9.96,10.49,9.85,10.23,2767352.07,0.15900562596961088,0.054535900029912106,0.10446972593969878,False,False,9.61029691392027,9.451291287950658
2026-05-11,10.23,10.27,9.97,10.14,1857113.37,0.18948294829161405,0.0815253096822525,0.10795763860936156,False,False,9.691789696394075,9.50230674810246
2026-05-12,10.14,10.17,9.66,9.83,1849897.01,0.18647249770866203,0.10251474728753442,0.08395775042112762,False,False,9.713052820025755,9.526580322317093
2026-05-13,9.83,10.16,9.62,9.76,1862467.14,0.17640479428659184,0.11729275668734591,0.05911203759924592,False,False,9.720275463098716,9.543870668812124
2026-05-14,9.76,10.14,9.63,9.91,1918070.54,0.1784724933799957,0.12952870402587588,0.04894378935411983,False,False,9.749463853391221,9.570991360011226
2026-05-15,9.9,9.97,9.41,9.54,1530463.96,0.14854294146308789,0.1333315515133183,0.015211389949769588,False,False,9.717238645177186,9.568695703714098
2026-05-16,9.53,9.58,9.19,9.29,1253483.79,0.10345804532918024,0.12735685027649069,-0.023898804947310448,False,True,9.651509622842234,9.548051577513053
2026-05-17,9.3,9.42,8.96,9.2,1450571.67,0.059776624764674935,0.11384080517412754,-0.0540641804094526,False,False,9.582046603943429,9.522269979178754
2026-05-18,9.19,9.27,9.01,9.24,1552618.45,0.028062957658413268,0.09668523567098469,-0.06862227801257142,False,False,9.529424049490594,9.50136109183218
2026-05-19,9.25,9.32,9.02,9.11,1038722.26,-0.0074741086802063705,0.07585336680074649,-0.08332747548095286,False,False,9.464897272645887,9.472371381326093
2026-05-20,9.1,9.4,9.06,9.298,1388184.75,-0.02023421354744137,0.05663585073110892,-0.07687006427855028,False,False,9.439220769161905,9.459454982709346
2026-05-21,9.297,9.517,9.25,9.453,2948219.92,-0.017636185012683825,0.04178144358235037,-0.059417628595034196,False,False,9.441340650829304,9.458976835841987
2026-05-22,9.453,9.602,9.099,9.154,2311807.61,-0.03925156225738746,0.025574842414402808,-0.06482640467179027,False,False,9.397134396855565,9.436385959112952
2026-05-23,9.155,9.59,8.834,9.39,3277110.76,-0.036913164802298226,0.0130772409710626,-0.04999040577336083,False,False,9.396036797339324,9.432949962141622
2026-05-24,9.391,9.429,9.069,9.212,1141151.67,-0.04885985437677398,0.0006898219014952841,-0.04954967627826926,False,False,9.367723443902506,9.41658329827928
2026-05-25,9.212,9.506,9.153,9.31,1275642.09,-0.04984532507613082,-0.009417207494029937,-0.04042811758210088,False,False,9.358842914071351,9.408688239147482
2026-05-26,9.31,9.49,9.119,9.14,1716886.87,-0.06361063317304883,-0.020255892629833717,-0.04335474054321511,False,False,9.32517477344499,9.38878540661804
2026-05-27,9.14,9.291,8.994,9.043,1635208.16,-0.08140840295641283,-0.032486394695149544,-0.048922008261263285,False,False,9.281763269838068,9.363171672794481
2026-05-28,9.042,9.074,8.715,8.928,2253594.76,-0.1035985826675212,-0.04670883228962388,-0.05688975037789732,False,False,9.227338151401442,9.330936734068963
2026-05-29,8.928,9.003,8.656,8.827,1503250.18,-0.12786042053044078,-0.06293914993778726,-0.06492127059265351,False,False,9.165747666570452,9.293608087100893
2026-05-30,8.827,9.049,8.812,8.946,931649.88,-0.13591900665631407,-0.07753512128149263,-0.058383885374821434,False,False,9.13194033325192,9.267859339908235
2026-05-31,8.947,9.084,8.8,8.983,1060096.52,-0.1377322122346314,-0.08957453947212039,-0.048157672762511,False,False,9.109026435828548,9.24675864806318
2026-06-01,8.983,9.074,8.677,8.936,1893045.04,-0.14133250478477244,-0.09992613253465081,-0.04140637225012163,False,False,9.082406984162617,9.22373948894739
2026-06-02,8.936,8.944,8.029,8.18,2714711.46,-0.20285031228377193,-0.12051096848447504,-0.08233934379929689,False,False,8.943575140445292,9.146425452729064
2026-06-03,8.181,8.372,7.909,8.049,3545648.75,-0.25918648269143674,-0.1482460713258674,-0.11094041136556934,False,False,8.8059481957614,9.065134678452837
2026-06-04,8.048,8.117,7.519,7.707,4838681.72,-0.32765286711121355,-0.18412743048293664,-0.1435254366282769,False,False,8.636879242567339,8.964532109678553
2026-06-05,7.706,7.724,6.584,6.729,6573341.98,-0.4555777794958118,-0.2384175002855117,-0.2171602792103001,False,False,8.343359359095441,8.798937138591253
2026-06-06,6.73,6.933,6.224,6.664,3086870.73,-0.5557972660706874,-0.30189345344254687,-0.2539038126281405,False,False,8.084996380773065,8.640793646843752
2026-06-07,6.665,6.964,6.508,6.819,2996990.59,-0.6156182624917923,-0.364638415252396,-0.2509798472393963,False,False,7.890227706807978,8.50584596929977
2026-06-08,6.818,6.882,6.538,6.766,2727140.09,-0.6596988920240898,-0.42365051060673475,-0.23604838141735507,False,False,7.717269598068289,8.376968490092379
2026-06-09,6.767,6.793,6.445,6.639,2328663.06,-0.6968481158226245,-0.47829003164991274,-0.21855808417271178,False,False,7.551381967596245,8.24823008341887
2026-06-10,6.639,6.68,6.301,6.383,2908246.4,-0.7384339963961466,-0.5303188245991596,-0.20811517179698702,False,False,7.371630895658361,8.110064892054508
2026-06-11,6.382,6.707,6.381,6.648,2399397.53,-0.7414607233822839,-0.5725472043557844,-0.16891351902649943,False,False,7.260303065557075,8.001763788939359
2026-06-12,6.648,6.7,6.52,6.571,1403717.92,-0.7415248459682058,-0.6063427326782688,-0.135182113289937,False,False,7.154256440086756,7.895781286054961
2026-06-13,6.57,6.776,6.557,6.719,949363.65,-0.7213183910601026,-0.6293378643546356,-0.09198052670546708,False,False,7.087293910842639,7.808612301902742
2026-06-14,6.718,6.791,6.376,6.79,1842131.62,-0.6916031527012176,-0.641790922023952,-0.04981223067726559,False,False,7.041556386097618,7.733159538798835
2026-06-15,6.789,7.079,6.7,6.84,2814252.23,-0.6564518616485158,-0.6447231099488648,-0.01172875169965093,False,False,7.010547711313369,7.666999572961885
2026-06-16,6.839,7.05,6.714,6.88,2036420.39,-0.6182398602636523,-0.6394264600118224,0.021186599748170054,True,False,6.990463448034389,7.6087033082980415
2026-06-17,6.881,7.022,6.653,6.766,2845394.46,-0.5903502311414526,-0.6296112142377485,0.03926098309629589,False,False,6.955930609875253,7.5462808410167055
2026-06-18,6.766,6.804,6.214,6.318,3654456.88,-0.5975096358902547,-0.6231908985682497,0.025681262677994976,False,False,6.857787439125214,7.455297075015468
2026-06-19,6.317,6.324,5.681,5.896,7913756.29,-0.6299734471790277,-0.6245474082904053,-0.005426038888622364,False,True,6.709820140798258,7.339793587977286
